observation_type,label,time_local_eest,time_utc,ts_utc_ms,lat,lon,accuracy_m,session_id,device_id
poor_surface,Poor surface material,2026-08-26 11:47:53,2026-08-26T08:47:53Z,1787734073659,58.3781334,24.5019582,4.400000095367432,826f022d-c4e8-4548-adca-4d56988d0aae,device_e7atfmfs64d
lamppost,Lamppost in path,2026-08-26 11:48:06,2026-08-26T08:48:06Z,1787734086234,58.3781693,24.5019457,3,826f022d-c4e8-4548-adca-4d56988d0aae,device_e7atfmfs64d
tree_roots,Tree roots,2026-08-26 11:48:27,2026-08-26T08:48:27Z,1787734107965,58.3782691,24.5020664,3.796999931335449,826f022d-c4e8-4548-adca-4d56988d0aae,device_e7atfmfs64d
poor_surface,Poor surface material,2026-08-26 11:48:50,2026-08-26T08:48:50Z,1787734130751,58.378381,24.5022367,2.700000047683716,826f022d-c4e8-4548-adca-4d56988d0aae,device_e7atfmfs64d
raised_manhole,Raised manhole cover,2026-08-26 11:51:05,2026-08-26T08:51:05Z,1787734265295,58.3796791,24.5030825,3,826f022d-c4e8-4548-adca-4d56988d0aae,device_e7atfmfs64d
raised_manhole,Raised manhole cover,2026-08-26 11:51:52,2026-08-26T08:51:52Z,1787734312257,58.3800397,24.5019748,4.28000020980835,826f022d-c4e8-4548-adca-4d56988d0aae,device_e7atfmfs64d
raised_manhole,Raised manhole cover,2026-08-26 11:56:08,2026-08-26T08:56:08Z,1787734568298,58.3774349,24.5098147,3,826f022d-c4e8-4548-adca-4d56988d0aae,device_e7atfmfs64d
poor_surface,Poor surface material,2026-08-26 11:56:23,2026-08-26T08:56:23Z,1787734583492,58.3773463,24.5099596,3.2660000324249268,826f022d-c4e8-4548-adca-4d56988d0aae,device_e7atfmfs64d
poor_surface,Poor surface material,2026-08-26 11:57:20,2026-08-26T08:57:20Z,1787734640116,58.3768709,24.511491,3.8340001106262207,826f022d-c4e8-4548-adca-4d56988d0aae,device_e7atfmfs64d
difficult_curb,Difficult curb,2026-08-26 11:58:06,2026-08-26T08:58:06Z,1787734686348,58.3764694,24.5125833,4.377999782562256,826f022d-c4e8-4548-adca-4d56988d0aae,device_e7atfmfs64d
poor_surface,Poor surface material,2026-08-26 11:59:08,2026-08-26T08:59:08Z,1787734748848,58.3762335,24.5132866,4.064000129699707,826f022d-c4e8-4548-adca-4d56988d0aae,device_e7atfmfs64d
poor_surface,Poor surface material,2026-08-26 11:59:42,2026-08-26T08:59:42Z,1787734782336,58.3759479,24.5140878,3,826f022d-c4e8-4548-adca-4d56988d0aae,device_e7atfmfs64d
poor_surface,Poor surface material,2026-08-26 12:01:13,2026-08-26T09:01:13Z,1787734873528,58.3749228,24.5171493,3,826f022d-c4e8-4548-adca-4d56988d0aae,device_e7atfmfs64d
lamppost,Lamppost in path,2026-08-26 12:01:46,2026-08-26T09:01:46Z,1787734906971,58.3746266,24.5179679,3,826f022d-c4e8-4548-adca-4d56988d0aae,device_e7atfmfs64d
poor_surface,Poor surface material,2026-08-26 12:03:40,2026-08-26T09:03:40Z,1787735020428,58.3741168,24.5191213,3.068000078201294,826f022d-c4e8-4548-adca-4d56988d0aae,device_e7atfmfs64d
difficult_curb,Difficult curb,2026-08-26 12:04:58,2026-08-26T09:04:58Z,1787735098707,58.374833,24.5170779,3.6730000972747803,826f022d-c4e8-4548-adca-4d56988d0aae,device_e7atfmfs64d
poor_surface,Poor surface material,2026-08-26 12:05:39,2026-08-26T09:05:39Z,1787735139917,58.3752025,24.5159203,4.894999980926514,826f022d-c4e8-4548-adca-4d56988d0aae,device_e7atfmfs64d
poor_surface,Poor surface material,2026-08-26 12:06:24,2026-08-26T09:06:24Z,1787735184128,58.3757302,24.5145274,3.7960000038146973,826f022d-c4e8-4548-adca-4d56988d0aae,device_e7atfmfs64d
poor_surface,Poor surface material,2026-08-26 12:07:00,2026-08-26T09:07:00Z,1787735220305,58.3759618,24.5136384,2.5,826f022d-c4e8-4548-adca-4d56988d0aae,device_e7atfmfs64d
raised_manhole,Raised manhole cover,2026-08-26 12:07:54,2026-08-26T09:07:54Z,1787735274558,58.3764269,24.5123931,3.4140000343322754,826f022d-c4e8-4548-adca-4d56988d0aae,device_e7atfmfs64d
difficult_curb,Difficult curb,2026-08-26 12:22:57,2026-08-26T09:22:57Z,1787736177742,58.3778734,24.5017223,3,665f30ee-541c-43be-829d-98d1c1cb2c0b,device_e7atfmfs64d
poor_surface,Poor surface material,2026-08-26 12:24:06,2026-08-26T09:24:06Z,1787736246954,58.3783403,24.5024767,4.197999954223633,665f30ee-541c-43be-829d-98d1c1cb2c0b,device_e7atfmfs64d
difficult_curb,Difficult curb,2026-08-26 12:24:41,2026-08-26T09:24:41Z,1787736281702,58.3786187,24.5028811,3,665f30ee-541c-43be-829d-98d1c1cb2c0b,device_e7atfmfs64d
difficult_curb,Difficult curb,2026-08-26 12:25:24,2026-08-26T09:25:24Z,1787736324349,58.3786802,24.5029735,3.7009999752044678,665f30ee-541c-43be-829d-98d1c1cb2c0b,device_e7atfmfs64d
poor_surface,Poor surface material,2026-08-26 12:26:02,2026-08-26T09:26:02Z,1787736362824,58.3791792,24.5036622,4.00600004196167,665f30ee-541c-43be-829d-98d1c1cb2c0b,device_e7atfmfs64d
poor_surface,Poor surface material,2026-08-26 12:26:21,2026-08-26T09:26:21Z,1787736381867,58.379254,24.5037904,4.820000171661377,665f30ee-541c-43be-829d-98d1c1cb2c0b,device_e7atfmfs64d
raised_manhole,Raised manhole cover,2026-08-26 12:28:43,2026-08-26T09:28:43Z,1787736523232,58.3784635,24.5064592,3.759000062942505,665f30ee-541c-43be-829d-98d1c1cb2c0b,device_e7atfmfs64d
difficult_curb,Difficult curb,2026-08-26 12:29:03,2026-08-26T09:29:03Z,1787736543024,58.3783135,24.5068812,4.01800012588501,665f30ee-541c-43be-829d-98d1c1cb2c0b,device_e7atfmfs64d
raised_manhole,Raised manhole cover,2026-08-26 12:30:31,2026-08-26T09:30:31Z,1787736631385,58.3774545,24.5093365,4.129000186920166,665f30ee-541c-43be-829d-98d1c1cb2c0b,device_e7atfmfs64d
poor_surface,Poor surface material,2026-08-26 12:31:17,2026-08-26T09:31:17Z,1787736677277,58.3770288,24.5106918,4.11899995803833,665f30ee-541c-43be-829d-98d1c1cb2c0b,device_e7atfmfs64d
lamppost,Lamppost in path,2026-08-26 12:31:29,2026-08-26T09:31:29Z,1787736689817,58.3770256,24.5106978,3.3559999465942383,665f30ee-541c-43be-829d-98d1c1cb2c0b,device_e7atfmfs64d
difficult_curb,Difficult curb,2026-08-26 12:32:14,2026-08-26T09:32:14Z,1787736734643,58.376659,24.5116333,3.7639999389648438,665f30ee-541c-43be-829d-98d1c1cb2c0b,device_e7atfmfs64d
difficult_curb,Difficult curb,2026-08-26 12:33:16,2026-08-26T09:33:16Z,1787736796133,58.3765212,24.5124538,3,665f30ee-541c-43be-829d-98d1c1cb2c0b,device_e7atfmfs64d
difficult_curb,Difficult curb,2026-08-26 12:34:48,2026-08-26T09:34:48Z,1787736888666,58.3776338,24.513842,3.5209999084472656,665f30ee-541c-43be-829d-98d1c1cb2c0b,device_e7atfmfs64d
raised_manhole,Raised manhole cover,2026-08-26 12:36:00,2026-08-26T09:36:00Z,1787736960472,58.3770858,24.5153183,3.4189999103546143,665f30ee-541c-43be-829d-98d1c1cb2c0b,device_e7atfmfs64d
difficult_curb,Difficult curb,2026-08-26 12:36:40,2026-08-26T09:36:40Z,1787737000922,58.3770021,24.5155977,2.5,665f30ee-541c-43be-829d-98d1c1cb2c0b,device_e7atfmfs64d
poor_surface,Poor surface material,2026-08-26 12:37:05,2026-08-26T09:37:05Z,1787737025177,58.3768789,24.5159527,2.8329999446868896,665f30ee-541c-43be-829d-98d1c1cb2c0b,device_e7atfmfs64d
poor_surface,Poor surface material,2026-08-26 12:37:27,2026-08-26T09:37:27Z,1787737047643,58.3767745,24.5162627,3.25,665f30ee-541c-43be-829d-98d1c1cb2c0b,device_e7atfmfs64d
raised_manhole,Raised manhole cover,2026-08-26 12:37:56,2026-08-26T09:37:56Z,1787737076794,58.3765846,24.5167676,2.8329999446868896,665f30ee-541c-43be-829d-98d1c1cb2c0b,device_e7atfmfs64d
poor_surface,Poor surface material,2026-08-26 12:38:07,2026-08-26T09:38:07Z,1787737087617,58.3765714,24.5168369,2.700000047683716,665f30ee-541c-43be-829d-98d1c1cb2c0b,device_e7atfmfs64d
poor_surface,Poor surface material,2026-08-26 12:38:17,2026-08-26T09:38:17Z,1787737097907,58.3765001,24.5170293,5.915999889373779,665f30ee-541c-43be-829d-98d1c1cb2c0b,device_e7atfmfs64d
poor_surface,Poor surface material,2026-08-26 12:38:25,2026-08-26T09:38:25Z,1787737105983,58.3764613,24.5171394,2.5829999446868896,665f30ee-541c-43be-829d-98d1c1cb2c0b,device_e7atfmfs64d
poor_surface,Poor surface material,2026-08-26 12:38:38,2026-08-26T09:38:38Z,1787737118258,58.3763621,24.5174012,2.9000000953674316,665f30ee-541c-43be-829d-98d1c1cb2c0b,device_e7atfmfs64d
poor_surface,Poor surface material,2026-08-26 12:38:53,2026-08-26T09:38:53Z,1787737133009,58.3763062,24.5175745,3.5,665f30ee-541c-43be-829d-98d1c1cb2c0b,device_e7atfmfs64d
raised_manhole,Raised manhole cover,2026-08-26 12:38:56,2026-08-26T09:38:56Z,1787737136493,58.3763063,24.5175753,3.4000000953674316,665f30ee-541c-43be-829d-98d1c1cb2c0b,device_e7atfmfs64d
poor_surface,Poor surface material,2026-08-26 12:39:21,2026-08-26T09:39:21Z,1787737161260,58.3760738,24.5182143,3.193000078201294,665f30ee-541c-43be-829d-98d1c1cb2c0b,device_e7atfmfs64d
raised_manhole,Raised manhole cover,2026-08-26 12:39:29,2026-08-26T09:39:29Z,1787737169416,58.3760159,24.5182272,3.2049999237060547,665f30ee-541c-43be-829d-98d1c1cb2c0b,device_e7atfmfs64d
difficult_curb,Difficult curb,2026-08-26 12:39:47,2026-08-26T09:39:47Z,1787737187471,58.375895,24.5185635,3.809000015258789,665f30ee-541c-43be-829d-98d1c1cb2c0b,device_e7atfmfs64d
difficult_curb,Difficult curb,2026-08-26 12:39:57,2026-08-26T09:39:57Z,1787737197003,58.3758991,24.5187095,3.0810000896453857,665f30ee-541c-43be-829d-98d1c1cb2c0b,device_e7atfmfs64d
poor_surface,Poor surface material,2026-08-26 12:41:01,2026-08-26T09:41:01Z,1787737261474,58.3752626,24.5204749,7.5980000495910645,665f30ee-541c-43be-829d-98d1c1cb2c0b,device_e7atfmfs64d
poor_surface,Poor surface material,2026-08-26 12:43:00,2026-08-26T09:43:00Z,1787737380979,58.3745802,24.5226082,4.197999954223633,665f30ee-541c-43be-829d-98d1c1cb2c0b,device_e7atfmfs64d
raised_manhole,Raised manhole cover,2026-08-26 12:43:04,2026-08-26T09:43:04Z,1787737384584,58.374575,24.5226165,4.611000061035156,665f30ee-541c-43be-829d-98d1c1cb2c0b,device_e7atfmfs64d
poor_surface,Poor surface material,2026-08-26 12:44:55,2026-08-26T09:44:55Z,1787737495030,58.3759031,24.519028,3,665f30ee-541c-43be-829d-98d1c1cb2c0b,device_e7atfmfs64d
lamppost,Lamppost in path,2026-08-26 12:45:06,2026-08-26T09:45:06Z,1787737506103,58.3759137,24.5189756,3.0250000953674316,665f30ee-541c-43be-829d-98d1c1cb2c0b,device_e7atfmfs64d
poor_surface,Poor surface material,2026-08-26 12:45:17,2026-08-26T09:45:17Z,1787737517227,58.375944,24.5188928,3.438999891281128,665f30ee-541c-43be-829d-98d1c1cb2c0b,device_e7atfmfs64d
raised_manhole,Raised manhole cover,2026-08-26 12:45:21,2026-08-26T09:45:21Z,1787737521057,58.3759441,24.5189001,3.3570001125335693,665f30ee-541c-43be-829d-98d1c1cb2c0b,device_e7atfmfs64d
poor_surface,Poor surface material,2026-08-26 12:45:41,2026-08-26T09:45:41Z,1787737541398,58.3761037,24.5184658,4.163000106811523,665f30ee-541c-43be-829d-98d1c1cb2c0b,device_e7atfmfs64d
raised_manhole,Raised manhole cover,2026-08-26 12:46:04,2026-08-26T09:46:04Z,1787737564928,58.3762809,24.5179733,3.0820000171661377,665f30ee-541c-43be-829d-98d1c1cb2c0b,device_e7atfmfs64d
difficult_curb,Difficult curb,2026-08-26 12:47:07,2026-08-26T09:47:07Z,1787737627351,58.3769539,24.5159818,3,665f30ee-541c-43be-829d-98d1c1cb2c0b,device_e7atfmfs64d
lamppost,Lamppost in path,2026-08-26 12:47:47,2026-08-26T09:47:47Z,1787737667067,58.3773314,24.5149864,3,665f30ee-541c-43be-829d-98d1c1cb2c0b,device_e7atfmfs64d
poor_surface,Poor surface material,2026-08-26 12:48:23,2026-08-26T09:48:23Z,1787737703807,58.3774343,24.5146634,3,665f30ee-541c-43be-829d-98d1c1cb2c0b,device_e7atfmfs64d
lamppost,Lamppost in path,2026-08-26 12:48:37,2026-08-26T09:48:37Z,1787737717560,58.3775248,24.5144343,3.7939999103546143,665f30ee-541c-43be-829d-98d1c1cb2c0b,device_e7atfmfs64d
raised_manhole,Raised manhole cover,2026-08-26 12:49:06,2026-08-26T09:49:06Z,1787737746066,58.3777056,24.513969,4.757999897003174,665f30ee-541c-43be-829d-98d1c1cb2c0b,device_e7atfmfs64d
poor_surface,Poor surface material,2026-08-26 12:49:36,2026-08-26T09:49:36Z,1787737776854,58.3779648,24.5131501,3.484999895095825,665f30ee-541c-43be-829d-98d1c1cb2c0b,device_e7atfmfs64d
poor_surface,Poor surface material,2026-08-26 12:52:03,2026-08-26T09:52:03Z,1787737923036,58.3797252,24.5083662,3.385999917984009,665f30ee-541c-43be-829d-98d1c1cb2c0b,device_e7atfmfs64d
poor_surface,Poor surface material,2026-08-26 12:52:38,2026-08-26T09:52:38Z,1787737958198,58.3801191,24.5072591,4.307000160217285,665f30ee-541c-43be-829d-98d1c1cb2c0b,device_e7atfmfs64d
raised_manhole,Raised manhole cover,2026-08-26 12:53:03,2026-08-26T09:53:03Z,1787737983249,58.3803403,24.5066566,4.093999862670898,665f30ee-541c-43be-829d-98d1c1cb2c0b,device_e7atfmfs64d
poor_surface,Poor surface material,2026-08-26 12:53:40,2026-08-26T09:53:40Z,1787738020123,58.3805992,24.5059089,3.065000057220459,665f30ee-541c-43be-829d-98d1c1cb2c0b,device_e7atfmfs64d
lamppost,Lamppost in path,2026-08-26 12:54:57,2026-08-26T09:54:57Z,1787738097378,58.3799338,24.5074696,3,665f30ee-541c-43be-829d-98d1c1cb2c0b,device_e7atfmfs64d
difficult_curb,Difficult curb,2026-08-26 12:56:13,2026-08-26T09:56:13Z,1787738173399,58.3795876,24.5084256,3.2920000553131104,665f30ee-541c-43be-829d-98d1c1cb2c0b,device_e7atfmfs64d
poor_surface,Poor surface material,2026-08-26 12:56:29,2026-08-26T09:56:29Z,1787738189753,58.3795158,24.5085595,4.3379998207092285,665f30ee-541c-43be-829d-98d1c1cb2c0b,device_e7atfmfs64d
poor_surface,Poor surface material,2026-08-26 12:57:03,2026-08-26T09:57:03Z,1787738223750,58.3792617,24.5093661,3,665f30ee-541c-43be-829d-98d1c1cb2c0b,device_e7atfmfs64d
raised_manhole,Raised manhole cover,2026-08-26 12:57:54,2026-08-26T09:57:54Z,1787738274105,58.3787519,24.5107037,3,665f30ee-541c-43be-829d-98d1c1cb2c0b,device_e7atfmfs64d
tree_roots,Tree roots,2026-08-26 13:06:14,2026-08-26T10:06:14Z,1787738774526,58.3762471,24.5193281,4.10099983215332,665f30ee-541c-43be-829d-98d1c1cb2c0b,device_e7atfmfs64d
poor_surface,Poor surface material,2026-08-26 13:06:54,2026-08-26T10:06:54Z,1787738814729,58.3767722,24.5201026,3.51200008392334,665f30ee-541c-43be-829d-98d1c1cb2c0b,device_e7atfmfs64d
difficult_curb,Difficult curb,2026-08-26 13:07:40,2026-08-26T10:07:40Z,1787738860223,58.3771391,24.5208178,3,665f30ee-541c-43be-829d-98d1c1cb2c0b,device_e7atfmfs64d
difficult_curb,Difficult curb,2026-08-26 13:09:10,2026-08-26T10:09:10Z,1787738950724,58.3759285,24.5186828,3.680000066757202,665f30ee-541c-43be-829d-98d1c1cb2c0b,device_e7atfmfs64d
lamppost,Lamppost in path,2026-08-26 13:10:23,2026-08-26T10:10:23Z,1787739023277,58.3767838,24.5194668,5.10699987411499,665f30ee-541c-43be-829d-98d1c1cb2c0b,device_e7atfmfs64d
poor_surface,Poor surface material,2026-08-26 13:11:47,2026-08-26T10:11:47Z,1787739107560,58.3778846,24.5170995,4.251999855041504,665f30ee-541c-43be-829d-98d1c1cb2c0b,device_e7atfmfs64d
poor_surface,Poor surface material,2026-08-26 13:12:08,2026-08-26T10:12:08Z,1787739128910,58.3781125,24.51657,4.355000019073486,665f30ee-541c-43be-829d-98d1c1cb2c0b,device_e7atfmfs64d
raised_manhole,Raised manhole cover,2026-08-26 13:12:42,2026-08-26T10:12:42Z,1787739162232,58.3782634,24.5161026,3,665f30ee-541c-43be-829d-98d1c1cb2c0b,device_e7atfmfs64d
difficult_curb,Difficult curb,2026-08-26 13:13:58,2026-08-26T10:13:58Z,1787739238479,58.3789072,24.5136333,3.0799999237060547,665f30ee-541c-43be-829d-98d1c1cb2c0b,device_e7atfmfs64d
difficult_curb,Difficult curb,2026-08-26 13:14:15,2026-08-26T10:14:15Z,1787739255885,58.3789338,24.5136003,3.3559999465942383,665f30ee-541c-43be-829d-98d1c1cb2c0b,device_e7atfmfs64d
poor_surface,Poor surface material,2026-08-26 13:16:28,2026-08-26T10:16:28Z,1787739388803,58.3794619,24.5121665,2.0829999446868896,665f30ee-541c-43be-829d-98d1c1cb2c0b,device_e7atfmfs64d
difficult_curb,Difficult curb,2026-08-26 13:16:44,2026-08-26T10:16:44Z,1787739404932,58.3795347,24.5119182,2.299999952316284,665f30ee-541c-43be-829d-98d1c1cb2c0b,device_e7atfmfs64d
difficult_curb,Difficult curb,2026-08-26 13:18:09,2026-08-26T10:18:09Z,1787739489384,58.3800626,24.510469,3.0239999294281006,665f30ee-541c-43be-829d-98d1c1cb2c0b,device_e7atfmfs64d
difficult_curb,Difficult curb,2026-08-26 13:19:19,2026-08-26T10:19:19Z,1787739559449,58.380579,24.5090438,5.190999984741211,665f30ee-541c-43be-829d-98d1c1cb2c0b,device_e7atfmfs64d
poor_surface,Poor surface material,2026-08-26 13:19:57,2026-08-26T10:19:57Z,1787739597440,58.3810099,24.5080293,3.4700000286102295,665f30ee-541c-43be-829d-98d1c1cb2c0b,device_e7atfmfs64d
poor_surface,Poor surface material,2026-08-26 13:25:05,2026-08-26T10:25:05Z,1787739905905,58.3859825,24.50633,3,665f30ee-541c-43be-829d-98d1c1cb2c0b,device_e7atfmfs64d
poor_surface,Poor surface material,2026-08-26 13:27:03,2026-08-26T10:27:03Z,1787740023916,58.3862087,24.5030614,3.8310000896453857,665f30ee-541c-43be-829d-98d1c1cb2c0b,device_e7atfmfs64d
poor_surface,Poor surface material,2026-08-26 13:27:13,2026-08-26T10:27:13Z,1787740033170,58.3862201,24.5029819,3,665f30ee-541c-43be-829d-98d1c1cb2c0b,device_e7atfmfs64d
raised_manhole,Raised manhole cover,2026-08-26 13:28:35,2026-08-26T10:28:35Z,1787740115738,58.3861837,24.501258,3.0969998836517334,665f30ee-541c-43be-829d-98d1c1cb2c0b,device_e7atfmfs64d
difficult_curb,Difficult curb,2026-08-26 13:28:40,2026-08-26T10:28:40Z,1787740120461,58.3861836,24.5012501,3.0829999446868896,665f30ee-541c-43be-829d-98d1c1cb2c0b,device_e7atfmfs64d
difficult_curb,Difficult curb,2026-08-26 13:28:54,2026-08-26T10:28:54Z,1787740134631,58.3861742,24.501176,4.060999870300293,665f30ee-541c-43be-829d-98d1c1cb2c0b,device_e7atfmfs64d
difficult_curb,Difficult curb,2026-08-26 13:29:45,2026-08-26T10:29:45Z,1787740185064,58.3860832,24.4993618,3.9809999465942383,665f30ee-541c-43be-829d-98d1c1cb2c0b,device_e7atfmfs64d
poor_surface,Poor surface material,2026-08-26 13:32:53,2026-08-26T10:32:53Z,1787740373185,58.3859037,24.5003651,3.8350000381469727,665f30ee-541c-43be-829d-98d1c1cb2c0b,device_e7atfmfs64d
poor_surface,Poor surface material,2026-08-26 13:33:25,2026-08-26T10:33:25Z,1787740405834,58.3859538,24.5011791,3,665f30ee-541c-43be-829d-98d1c1cb2c0b,device_e7atfmfs64d
difficult_curb,Difficult curb,2026-08-26 13:33:28,2026-08-26T10:33:28Z,1787740408488,58.3859541,24.5011805,3,665f30ee-541c-43be-829d-98d1c1cb2c0b,device_e7atfmfs64d
poor_surface,Poor surface material,2026-08-26 13:34:08,2026-08-26T10:34:08Z,1787740448761,58.385952,24.502409,4.084000110626221,665f30ee-541c-43be-829d-98d1c1cb2c0b,device_e7atfmfs64d
poor_surface,Poor surface material,2026-08-26 13:34:26,2026-08-26T10:34:26Z,1787740466328,58.38595,24.5026814,3.4000000953674316,665f30ee-541c-43be-829d-98d1c1cb2c0b,device_e7atfmfs64d
difficult_curb,Difficult curb,2026-08-26 13:35:08,2026-08-26T10:35:08Z,1787740508572,58.3860297,24.5039712,4.710999965667725,665f30ee-541c-43be-829d-98d1c1cb2c0b,device_e7atfmfs64d
difficult_curb,Difficult curb,2026-08-26 13:47:40,2026-08-26T10:47:40Z,1787741260331,58.3873657,24.5032201,3.2780001163482666,665f30ee-541c-43be-829d-98d1c1cb2c0b,device_e7atfmfs64d
difficult_curb,Difficult curb,2026-08-26 13:47:52,2026-08-26T10:47:52Z,1787741272957,58.3873022,24.5033055,3,665f30ee-541c-43be-829d-98d1c1cb2c0b,device_e7atfmfs64d
difficult_curb,Difficult curb,2026-08-26 13:50:29,2026-08-26T10:50:29Z,1787741429746,58.3870022,24.4985961,3.638000011444092,665f30ee-541c-43be-829d-98d1c1cb2c0b,device_e7atfmfs64d
poor_surface,Poor surface material,2026-08-26 13:50:54,2026-08-26T10:50:54Z,1787741454523,58.3869701,24.498006,4.565000057220459,665f30ee-541c-43be-829d-98d1c1cb2c0b,device_e7atfmfs64d
poor_surface,Poor surface material,2026-08-26 13:51:03,2026-08-26T10:51:03Z,1787741463868,58.3870075,24.4978518,3.5769999027252197,665f30ee-541c-43be-829d-98d1c1cb2c0b,device_e7atfmfs64d
poor_surface,Poor surface material,2026-08-26 13:52:09,2026-08-26T10:52:09Z,1787741529099,58.3869269,24.4975954,10.826000213623047,665f30ee-541c-43be-829d-98d1c1cb2c0b,device_e7atfmfs64d
poor_surface,Poor surface material,2026-08-26 13:56:40,2026-08-26T10:56:40Z,1787741800010,58.3887948,24.496075,3,665f30ee-541c-43be-829d-98d1c1cb2c0b,device_e7atfmfs64d
poor_surface,Poor surface material,2026-08-26 13:57:41,2026-08-26T10:57:41Z,1787741861797,58.389892,24.4957797,3.01200008392334,665f30ee-541c-43be-829d-98d1c1cb2c0b,device_e7atfmfs64d
poor_surface,Poor surface material,2026-08-26 14:11:25,2026-08-26T11:11:25Z,1787742685196,58.3887401,24.4959321,3,665f30ee-541c-43be-829d-98d1c1cb2c0b,device_e7atfmfs64d
difficult_curb,Difficult curb,2026-08-26 14:19:46,2026-08-26T11:19:46Z,1787743186073,58.3836976,24.4890445,3.0999999046325684,665f30ee-541c-43be-829d-98d1c1cb2c0b,device_e7atfmfs64d
poor_surface,Poor surface material,2026-08-26 14:20:09,2026-08-26T11:20:09Z,1787743209795,58.3835676,24.4887175,3.8329999446868896,665f30ee-541c-43be-829d-98d1c1cb2c0b,device_e7atfmfs64d
poor_surface,Poor surface material,2026-08-26 14:20:27,2026-08-26T11:20:27Z,1787743227152,58.3834483,24.4883037,4.685999870300293,665f30ee-541c-43be-829d-98d1c1cb2c0b,device_e7atfmfs64d
poor_surface,Poor surface material,2026-08-26 14:20:40,2026-08-26T11:20:40Z,1787743240585,58.3833361,24.4879483,3.072999954223633,665f30ee-541c-43be-829d-98d1c1cb2c0b,device_e7atfmfs64d
poor_surface,Poor surface material,2026-08-26 14:21:16,2026-08-26T11:21:16Z,1787743276362,58.3832352,24.4879294,4.6519999504089355,665f30ee-541c-43be-829d-98d1c1cb2c0b,device_e7atfmfs64d
poor_surface,Poor surface material,2026-08-26 14:21:27,2026-08-26T11:21:27Z,1787743287057,58.3833182,24.4882078,4.072000026702881,665f30ee-541c-43be-829d-98d1c1cb2c0b,device_e7atfmfs64d
lamppost,Lamppost in path,2026-08-26 14:21:41,2026-08-26T11:21:41Z,1787743301720,58.3833591,24.4883869,3.124000072479248,665f30ee-541c-43be-829d-98d1c1cb2c0b,device_e7atfmfs64d
poor_surface,Poor surface material,2026-08-26 14:23:22,2026-08-26T11:23:22Z,1787743402409,58.3830146,24.4913662,3.11899995803833,665f30ee-541c-43be-829d-98d1c1cb2c0b,device_e7atfmfs64d
poor_surface,Poor surface material,2026-08-26 14:23:47,2026-08-26T11:23:47Z,1787743427992,58.3826075,24.4914457,3.0869998931884766,665f30ee-541c-43be-829d-98d1c1cb2c0b,device_e7atfmfs64d
poor_surface,Poor surface material,2026-08-26 14:24:11,2026-08-26T11:24:11Z,1787743451686,58.3824836,24.4911041,4.320000171661377,665f30ee-541c-43be-829d-98d1c1cb2c0b,device_e7atfmfs64d
difficult_curb,Difficult curb,2026-08-26 14:24:32,2026-08-26T11:24:32Z,1787743472295,58.382308,24.4905208,4.175000190734863,665f30ee-541c-43be-829d-98d1c1cb2c0b,device_e7atfmfs64d
difficult_curb,Difficult curb,2026-08-26 14:24:42,2026-08-26T11:24:42Z,1787743482189,58.3822884,24.490489,3.6480000019073486,665f30ee-541c-43be-829d-98d1c1cb2c0b,device_e7atfmfs64d
poor_surface,Poor surface material,2026-08-26 14:24:56,2026-08-26T11:24:56Z,1787743496786,58.3820925,24.4901765,5.2829999923706055,665f30ee-541c-43be-829d-98d1c1cb2c0b,device_e7atfmfs64d
poor_surface,Poor surface material,2026-08-26 14:25:30,2026-08-26T11:25:30Z,1787743530058,58.3820531,24.4896781,2.5,665f30ee-541c-43be-829d-98d1c1cb2c0b,device_e7atfmfs64d
poor_surface,Poor surface material,2026-08-26 14:25:51,2026-08-26T11:25:51Z,1787743551987,58.3824167,24.4890063,3.007999897003174,665f30ee-541c-43be-829d-98d1c1cb2c0b,device_e7atfmfs64d
poor_surface,Poor surface material,2026-08-26 14:27:51,2026-08-26T11:27:51Z,1787743671039,58.3821779,24.4891068,4.519999980926514,665f30ee-541c-43be-829d-98d1c1cb2c0b,device_e7atfmfs64d
poor_surface,Poor surface material,2026-08-26 14:28:47,2026-08-26T11:28:47Z,1787743727972,58.3814351,24.4906176,5.546000003814697,665f30ee-541c-43be-829d-98d1c1cb2c0b,device_e7atfmfs64d
raised_manhole,Raised manhole cover,2026-08-26 14:29:03,2026-08-26T11:29:03Z,1787743743337,58.3812485,24.4909673,4.577000141143799,665f30ee-541c-43be-829d-98d1c1cb2c0b,device_e7atfmfs64d
poor_surface,Poor surface material,2026-08-26 14:29:21,2026-08-26T11:29:21Z,1787743761390,58.3811618,24.4912134,3.746000051498413,665f30ee-541c-43be-829d-98d1c1cb2c0b,device_e7atfmfs64d
poor_surface,Poor surface material,2026-08-26 14:29:58,2026-08-26T11:29:58Z,1787743798394,58.3811645,24.4914781,5.948999881744385,665f30ee-541c-43be-829d-98d1c1cb2c0b,device_e7atfmfs64d
poor_surface,Poor surface material,2026-08-26 14:30:05,2026-08-26T11:30:05Z,1787743805085,58.3812482,24.4912641,4.630000114440918,665f30ee-541c-43be-829d-98d1c1cb2c0b,device_e7atfmfs64d
poor_surface,Poor surface material,2026-08-26 14:30:15,2026-08-26T11:30:15Z,1787743815075,58.3813957,24.4909831,4.815000057220459,665f30ee-541c-43be-829d-98d1c1cb2c0b,device_e7atfmfs64d
poor_surface,Poor surface material,2026-08-26 14:30:32,2026-08-26T11:30:32Z,1787743832092,58.3815497,24.4907248,4.75,665f30ee-541c-43be-829d-98d1c1cb2c0b,device_e7atfmfs64d
poor_surface,Poor surface material,2026-08-26 14:30:38,2026-08-26T11:30:38Z,1787743838339,58.3816032,24.4906938,3.2070000171661377,665f30ee-541c-43be-829d-98d1c1cb2c0b,device_e7atfmfs64d
poor_surface,Poor surface material,2026-08-26 14:30:47,2026-08-26T11:30:47Z,1787743847216,58.3817495,24.4904148,3.8269999027252197,665f30ee-541c-43be-829d-98d1c1cb2c0b,device_e7atfmfs64d
poor_surface,Poor surface material,2026-08-26 14:31:12,2026-08-26T11:31:12Z,1787743872066,58.3819383,24.490004,4.360000133514404,665f30ee-541c-43be-829d-98d1c1cb2c0b,device_e7atfmfs64d
lamppost,Lamppost in path,2026-08-26 14:31:51,2026-08-26T11:31:51Z,1787743911194,58.3822773,24.4906873,3,665f30ee-541c-43be-829d-98d1c1cb2c0b,device_e7atfmfs64d
poor_surface,Poor surface material,2026-08-26 14:32:06,2026-08-26T11:32:06Z,1787743926644,58.3823075,24.4907344,4.107999801635742,665f30ee-541c-43be-829d-98d1c1cb2c0b,device_e7atfmfs64d
lamppost,Lamppost in path,2026-08-26 14:32:23,2026-08-26T11:32:23Z,1787743943102,58.3824135,24.4910749,4.2870001792907715,665f30ee-541c-43be-829d-98d1c1cb2c0b,device_e7atfmfs64d
difficult_curb,Difficult curb,2026-08-26 14:32:58,2026-08-26T11:32:58Z,1787743978075,58.3824842,24.4914916,3.2939999103546143,665f30ee-541c-43be-829d-98d1c1cb2c0b,device_e7atfmfs64d
difficult_curb,Difficult curb,2026-08-26 14:33:07,2026-08-26T11:33:07Z,1787743987290,58.3825101,24.4916091,3.2320001125335693,665f30ee-541c-43be-829d-98d1c1cb2c0b,device_e7atfmfs64d
raised_manhole,Raised manhole cover,2026-08-26 14:34:27,2026-08-26T11:34:27Z,1787744067866,58.3824347,24.4902465,2.5,665f30ee-541c-43be-829d-98d1c1cb2c0b,device_e7atfmfs64d
poor_surface,Poor surface material,2026-08-26 14:34:32,2026-08-26T11:34:32Z,1787744072046,58.3824347,24.4902465,2.3329999446868896,665f30ee-541c-43be-829d-98d1c1cb2c0b,device_e7atfmfs64d
poor_surface,Poor surface material,2026-08-26 14:34:41,2026-08-26T11:34:41Z,1787744081482,58.3824591,24.4901841,2.5250000953674316,665f30ee-541c-43be-829d-98d1c1cb2c0b,device_e7atfmfs64d
poor_surface,Poor surface material,2026-08-26 14:35:04,2026-08-26T11:35:04Z,1787744104696,58.3826469,24.4898242,2.8329999446868896,665f30ee-541c-43be-829d-98d1c1cb2c0b,device_e7atfmfs64d
poor_surface,Poor surface material,2026-08-26 14:35:22,2026-08-26T11:35:22Z,1787744122439,58.382828,24.4894848,2.5,665f30ee-541c-43be-829d-98d1c1cb2c0b,device_e7atfmfs64d
poor_surface,Poor surface material,2026-08-26 14:35:31,2026-08-26T11:35:31Z,1787744131882,58.3828642,24.4894123,2.4000000953674316,665f30ee-541c-43be-829d-98d1c1cb2c0b,device_e7atfmfs64d
poor_surface,Poor surface material,2026-08-26 14:35:39,2026-08-26T11:35:39Z,1787744139175,58.3829158,24.4892877,4.245999813079834,665f30ee-541c-43be-829d-98d1c1cb2c0b,device_e7atfmfs64d
poor_surface,Poor surface material,2026-08-26 14:35:48,2026-08-26T11:35:48Z,1787744148055,58.3829966,24.4891389,4.997000217437744,665f30ee-541c-43be-829d-98d1c1cb2c0b,device_e7atfmfs64d
poor_surface,Poor surface material,2026-08-26 14:35:55,2026-08-26T11:35:55Z,1787744155444,58.3830441,24.4890415,4.429999828338623,665f30ee-541c-43be-829d-98d1c1cb2c0b,device_e7atfmfs64d
poor_surface,Poor surface material,2026-08-26 14:36:03,2026-08-26T11:36:03Z,1787744163944,58.3831059,24.4889074,3.868000030517578,665f30ee-541c-43be-829d-98d1c1cb2c0b,device_e7atfmfs64d
poor_surface,Poor surface material,2026-08-26 14:36:11,2026-08-26T11:36:11Z,1787744171907,58.3831442,24.4887973,4.622000217437744,665f30ee-541c-43be-829d-98d1c1cb2c0b,device_e7atfmfs64d
poor_surface,Poor surface material,2026-08-26 14:36:45,2026-08-26T11:36:45Z,1787744205888,58.3833234,24.4882919,3,665f30ee-541c-43be-829d-98d1c1cb2c0b,device_e7atfmfs64d
poor_surface,Poor surface material,2026-08-26 14:36:59,2026-08-26T11:36:59Z,1787744219648,58.3832103,24.4885163,3.2850000858306885,665f30ee-541c-43be-829d-98d1c1cb2c0b,device_e7atfmfs64d
poor_surface,Poor surface material,2026-08-26 14:37:25,2026-08-26T11:37:25Z,1787744245819,58.3828876,24.4891785,4.269999980926514,665f30ee-541c-43be-829d-98d1c1cb2c0b,device_e7atfmfs64d
difficult_curb,Difficult curb,2026-08-26 14:37:29,2026-08-26T11:37:29Z,1787744249479,58.3828911,24.4891732,3,665f30ee-541c-43be-829d-98d1c1cb2c0b,device_e7atfmfs64d
poor_surface,Poor surface material,2026-08-26 14:37:55,2026-08-26T11:37:55Z,1787744275508,58.3826827,24.4888301,3,665f30ee-541c-43be-829d-98d1c1cb2c0b,device_e7atfmfs64d
poor_surface,Poor surface material,2026-08-26 14:38:09,2026-08-26T11:38:09Z,1787744289016,58.3826514,24.4887039,3,665f30ee-541c-43be-829d-98d1c1cb2c0b,device_e7atfmfs64d
poor_surface,Poor surface material,2026-08-26 14:38:20,2026-08-26T11:38:20Z,1787744300918,58.3825663,24.4887393,3.007999897003174,665f30ee-541c-43be-829d-98d1c1cb2c0b,device_e7atfmfs64d
poor_surface,Poor surface material,2026-08-26 14:38:35,2026-08-26T11:38:35Z,1787744315953,58.3826451,24.4888927,4.520999908447266,665f30ee-541c-43be-829d-98d1c1cb2c0b,device_e7atfmfs64d
difficult_curb,Difficult curb,2026-08-26 14:39:10,2026-08-26T11:39:10Z,1787744350561,58.3828276,24.4892216,3,665f30ee-541c-43be-829d-98d1c1cb2c0b,device_e7atfmfs64d
lamppost,Lamppost in path,2026-08-26 14:39:56,2026-08-26T11:39:56Z,1787744396677,58.3824363,24.4900358,3,665f30ee-541c-43be-829d-98d1c1cb2c0b,device_e7atfmfs64d
lamppost,Lamppost in path,2026-08-26 14:40:19,2026-08-26T11:40:19Z,1787744419603,58.3823818,24.4902117,5.256999969482422,665f30ee-541c-43be-829d-98d1c1cb2c0b,device_e7atfmfs64d
poor_surface,Poor surface material,2026-08-26 14:41:31,2026-08-26T11:41:31Z,1787744491305,58.3824046,24.4915533,2.8329999446868896,665f30ee-541c-43be-829d-98d1c1cb2c0b,device_e7atfmfs64d
poor_surface,Poor surface material,2026-08-26 14:41:40,2026-08-26T11:41:40Z,1787744500169,58.3823516,24.4915631,4.382999897003174,665f30ee-541c-43be-829d-98d1c1cb2c0b,device_e7atfmfs64d
poor_surface,Poor surface material,2026-08-26 14:42:07,2026-08-26T11:42:07Z,1787744527703,58.3818186,24.4917803,2.5999999046325684,665f30ee-541c-43be-829d-98d1c1cb2c0b,device_e7atfmfs64d
poor_surface,Poor surface material,2026-08-26 14:42:16,2026-08-26T11:42:16Z,1787744536984,58.3817192,24.4918525,3,665f30ee-541c-43be-829d-98d1c1cb2c0b,device_e7atfmfs64d
poor_surface,Poor surface material,2026-08-26 14:42:30,2026-08-26T11:42:30Z,1787744550284,58.3815766,24.4921688,5.078000068664551,665f30ee-541c-43be-829d-98d1c1cb2c0b,device_e7atfmfs64d
difficult_curb,Difficult curb,2026-08-26 14:42:51,2026-08-26T11:42:51Z,1787744571161,58.3814097,24.4924708,3.677999973297119,665f30ee-541c-43be-829d-98d1c1cb2c0b,device_e7atfmfs64d
poor_surface,Poor surface material,2026-08-26 14:43:17,2026-08-26T11:43:17Z,1787744597368,58.3816904,24.4921146,3.803999900817871,665f30ee-541c-43be-829d-98d1c1cb2c0b,device_e7atfmfs64d
poor_surface,Poor surface material,2026-08-26 14:43:26,2026-08-26T11:43:26Z,1787744606285,58.3818292,24.4919077,5.129000186920166,665f30ee-541c-43be-829d-98d1c1cb2c0b,device_e7atfmfs64d
poor_surface,Poor surface material,2026-08-26 14:43:57,2026-08-26T11:43:57Z,1787744637874,58.3823097,24.4917414,3.2119998931884766,665f30ee-541c-43be-829d-98d1c1cb2c0b,device_e7atfmfs64d
raised_manhole,Raised manhole cover,2026-08-26 14:45:27,2026-08-26T11:45:27Z,1787744727577,58.3816071,24.4920778,3.171999931335449,665f30ee-541c-43be-829d-98d1c1cb2c0b,device_e7atfmfs64d
poor_surface,Poor surface material,2026-08-26 14:46:27,2026-08-26T11:46:27Z,1787744787495,58.3810037,24.4913643,3.5429999828338623,665f30ee-541c-43be-829d-98d1c1cb2c0b,device_e7atfmfs64d
poor_surface,Poor surface material,2026-08-26 14:46:36,2026-08-26T11:46:36Z,1787744796073,58.3809106,24.4912602,3.1429998874664307,665f30ee-541c-43be-829d-98d1c1cb2c0b,device_e7atfmfs64d
raised_manhole,Raised manhole cover,2026-08-26 14:49:28,2026-08-26T11:49:28Z,1787744968330,58.3810898,24.4944553,4.2179999351501465,665f30ee-541c-43be-829d-98d1c1cb2c0b,device_e7atfmfs64d
poor_surface,Poor surface material,2026-08-26 14:50:05,2026-08-26T11:50:05Z,1787745005302,58.3808688,24.4954196,5.3379998207092285,665f30ee-541c-43be-829d-98d1c1cb2c0b,device_e7atfmfs64d
difficult_curb,Difficult curb,2026-08-26 14:50:29,2026-08-26T11:50:29Z,1787745029747,58.3806748,24.4960557,3.8320000171661377,665f30ee-541c-43be-829d-98d1c1cb2c0b,device_e7atfmfs64d
difficult_curb,Difficult curb,2026-08-26 14:50:40,2026-08-26T11:50:40Z,1787745040355,58.3806692,24.4961302,3.1989998817443848,665f30ee-541c-43be-829d-98d1c1cb2c0b,device_e7atfmfs64d
lamppost,Lamppost in path,2026-08-26 14:51:31,2026-08-26T11:51:31Z,1787745091070,58.3802046,24.497368,4.078999996185303,665f30ee-541c-43be-829d-98d1c1cb2c0b,device_e7atfmfs64d
poor_surface,Poor surface material,2026-08-26 14:52:16,2026-08-26T11:52:16Z,1787745136369,58.3799921,24.4978817,4.517000198364258,665f30ee-541c-43be-829d-98d1c1cb2c0b,device_e7atfmfs64d
difficult_curb,Difficult curb,2026-08-26 14:52:20,2026-08-26T11:52:20Z,1787745140202,58.3799905,24.4978709,3.99399995803833,665f30ee-541c-43be-829d-98d1c1cb2c0b,device_e7atfmfs64d
poor_surface,Poor surface material,2026-08-26 14:52:32,2026-08-26T11:52:32Z,1787745152751,58.3799589,24.4979618,3.384000062942505,665f30ee-541c-43be-829d-98d1c1cb2c0b,device_e7atfmfs64d
poor_surface,Poor surface material,2026-08-26 14:57:29,2026-08-26T11:57:29Z,1787745449867,58.3798694,24.498231,5.89900016784668,665f30ee-541c-43be-829d-98d1c1cb2c0b,device_e7atfmfs64d
poor_surface,Poor surface material,2026-08-26 14:57:48,2026-08-26T11:57:48Z,1787745468487,58.3798241,24.4983159,3,665f30ee-541c-43be-829d-98d1c1cb2c0b,device_e7atfmfs64d
poor_surface,Poor surface material,2026-08-26 14:58:00,2026-08-26T11:58:00Z,1787745480785,58.3797641,24.4984186,3,665f30ee-541c-43be-829d-98d1c1cb2c0b,device_e7atfmfs64d
difficult_curb,Difficult curb,2026-08-26 15:00:23,2026-08-26T12:00:23Z,1787745623109,58.3789503,24.5005896,3,665f30ee-541c-43be-829d-98d1c1cb2c0b,device_e7atfmfs64d
poor_surface,Poor surface material,2026-08-26 15:01:01,2026-08-26T12:01:01Z,1787745661095,58.3786266,24.5009542,3.0239999294281006,665f30ee-541c-43be-829d-98d1c1cb2c0b,device_e7atfmfs64d
raised_manhole,Raised manhole cover,2026-08-26 15:01:05,2026-08-26T12:01:05Z,1787745665153,58.3786003,24.5010129,3.5409998893737793,665f30ee-541c-43be-829d-98d1c1cb2c0b,device_e7atfmfs64d
poor_surface,Poor surface material,2026-08-26 15:01:21,2026-08-26T12:01:21Z,1787745681109,58.3785259,24.5012527,4.168000221252441,665f30ee-541c-43be-829d-98d1c1cb2c0b,device_e7atfmfs64d
poor_surface,Poor surface material,2026-08-26 15:01:38,2026-08-26T12:01:38Z,1787745698100,58.3784104,24.5014385,5.5970001220703125,665f30ee-541c-43be-829d-98d1c1cb2c0b,device_e7atfmfs64d
tree_roots,Tree roots,2026-08-26 15:47:02,2026-08-26T12:47:02Z,1787748422237,58.3839723,24.4977645,3.200000047683716,1b22ec77-4af3-436c-b29e-c2ffde7c0bc8,device_e7atfmfs64d
tree_roots,Tree roots,2026-08-26 15:47:18,2026-08-26T12:47:18Z,1787748438009,58.3840191,24.4977677,3.5179998874664307,1b22ec77-4af3-436c-b29e-c2ffde7c0bc8,device_e7atfmfs64d
tree_roots,Tree roots,2026-08-26 15:47:36,2026-08-26T12:47:36Z,1787748456122,58.3841478,24.4978199,3.496999979019165,1b22ec77-4af3-436c-b29e-c2ffde7c0bc8,device_e7atfmfs64d
tree_roots,Tree roots,2026-08-26 15:47:55,2026-08-26T12:47:55Z,1787748475417,58.3843387,24.4977351,4.050000190734863,1b22ec77-4af3-436c-b29e-c2ffde7c0bc8,device_e7atfmfs64d
difficult_curb,Difficult curb,2026-08-26 15:50:25,2026-08-26T12:50:25Z,1787748625363,58.3858551,24.4994784,3,1b22ec77-4af3-436c-b29e-c2ffde7c0bc8,device_e7atfmfs64d
difficult_curb,Difficult curb,2026-08-26 15:50:55,2026-08-26T12:50:55Z,1787748655444,58.3858911,24.5003958,4.0320000648498535,1b22ec77-4af3-436c-b29e-c2ffde7c0bc8,device_e7atfmfs64d
poor_surface,Poor surface material,2026-08-26 15:51:00,2026-08-26T12:51:00Z,1787748660177,58.3858914,24.500394,3,1b22ec77-4af3-436c-b29e-c2ffde7c0bc8,device_e7atfmfs64d
lamppost,Lamppost in path,2026-08-26 15:51:47,2026-08-26T12:51:47Z,1787748707233,58.3859358,24.5012247,5.6479997634887695,1b22ec77-4af3-436c-b29e-c2ffde7c0bc8,device_e7atfmfs64d
poor_surface,Poor surface material,2026-08-26 15:51:51,2026-08-26T12:51:51Z,1787748711191,58.3859405,24.5011982,4.014999866485596,1b22ec77-4af3-436c-b29e-c2ffde7c0bc8,device_e7atfmfs64d
poor_surface,Poor surface material,2026-08-26 15:52:03,2026-08-26T12:52:03Z,1787748723431,58.3859472,24.5012312,3.6679999828338623,1b22ec77-4af3-436c-b29e-c2ffde7c0bc8,device_e7atfmfs64d
poor_surface,Poor surface material,2026-08-26 15:52:16,2026-08-26T12:52:16Z,1787748736192,58.3859362,24.5014883,4.218999862670898,1b22ec77-4af3-436c-b29e-c2ffde7c0bc8,device_e7atfmfs64d
poor_surface,Poor surface material,2026-08-26 15:52:57,2026-08-26T12:52:57Z,1787748777117,58.3859724,24.5024991,3.750999927520752,1b22ec77-4af3-436c-b29e-c2ffde7c0bc8,device_e7atfmfs64d
poor_surface,Poor surface material,2026-08-26 15:53:20,2026-08-26T12:53:20Z,1787748800389,58.3860003,24.5028108,5.63700008392334,1b22ec77-4af3-436c-b29e-c2ffde7c0bc8,device_e7atfmfs64d
poor_surface,Poor surface material,2026-08-26 16:06:36,2026-08-26T13:06:36Z,1787749596060,58.3870568,24.5003564,4.072999954223633,1b22ec77-4af3-436c-b29e-c2ffde7c0bc8,device_e7atfmfs64d
difficult_curb,Difficult curb,2026-08-26 16:07:32,2026-08-26T13:07:32Z,1787749652725,58.3870076,24.4986444,3,1b22ec77-4af3-436c-b29e-c2ffde7c0bc8,device_e7atfmfs64d
lamppost,Lamppost in path,2026-08-26 16:07:54,2026-08-26T13:07:54Z,1787749674495,58.3870085,24.4985341,3.002000093460083,1b22ec77-4af3-436c-b29e-c2ffde7c0bc8,device_e7atfmfs64d
poor_surface,Poor surface material,2026-08-26 16:08:21,2026-08-26T13:08:21Z,1787749701726,58.3869714,24.4980436,5.370999813079834,1b22ec77-4af3-436c-b29e-c2ffde7c0bc8,device_e7atfmfs64d
poor_surface,Poor surface material,2026-08-26 16:08:46,2026-08-26T13:08:46Z,1787749726485,58.3869485,24.4975271,6.36899995803833,1b22ec77-4af3-436c-b29e-c2ffde7c0bc8,device_e7atfmfs64d
poor_surface,Poor surface material,2026-08-26 16:17:12,2026-08-26T13:17:12Z,1787750232350,58.390067,24.4955767,3.869999885559082,1b22ec77-4af3-436c-b29e-c2ffde7c0bc8,device_e7atfmfs64d
lamppost,Lamppost in path,2026-08-26 16:17:24,2026-08-26T13:17:24Z,1787750244719,58.3899273,24.4956125,4.546000003814697,1b22ec77-4af3-436c-b29e-c2ffde7c0bc8,device_e7atfmfs64d
lamppost,Lamppost in path,2026-08-26 16:17:51,2026-08-26T13:17:51Z,1787750271087,58.3894737,24.4957399,2.700000047683716,1b22ec77-4af3-436c-b29e-c2ffde7c0bc8,device_e7atfmfs64d
poor_surface,Poor surface material,2026-08-26 16:18:27,2026-08-26T13:18:27Z,1787750307957,58.3887687,24.4959109,4.447999954223633,,device_e7atfmfs64d
lamppost,Lamppost in path,2026-08-26 16:19:02,2026-08-26T13:19:02Z,1787750342559,58.3884095,24.4960306,3.0390000343322754,,device_e7atfmfs64d
lamppost,Lamppost in path,2026-08-26 16:19:26,2026-08-26T13:19:26Z,1787750366606,58.3880067,24.4961461,3,,device_e7atfmfs64d
poor_surface,Poor surface material,2026-08-26 16:19:29,2026-08-26T13:19:29Z,1787750369936,58.3880118,24.4961494,3,,device_e7atfmfs64d
lamppost,Lamppost in path,2026-08-26 16:21:05,2026-08-26T13:21:05Z,1787750465684,58.3861559,24.4956804,4.803999900817871,,device_e7atfmfs64d
lamppost,Lamppost in path,2026-08-26 16:22:07,2026-08-26T13:22:07Z,1787750527259,58.3857431,24.4958026,3.0399999618530273,,device_e7atfmfs64d
tree_roots,Tree roots,2026-08-26 16:24:40,2026-08-26T13:24:40Z,1787750680915,58.3843594,24.4977186,5.006999969482422,,device_e7atfmfs64d
tree_roots,Tree roots,2026-08-26 16:24:55,2026-08-26T13:24:55Z,1787750695320,58.3842077,24.4977995,4.309000015258789,,device_e7atfmfs64d
tree_roots,Tree roots,2026-08-26 16:25:08,2026-08-26T13:25:08Z,1787750708232,58.3840964,24.497781,3.2279999256134033,,device_e7atfmfs64d
difficult_curb,Difficult curb,2026-08-26 16:25:39,2026-08-26T13:25:39Z,1787750739162,58.3837939,24.4978464,4.135000228881836,,device_e7atfmfs64d
poor_surface,Poor surface material,2026-08-26 16:25:45,2026-08-26T13:25:45Z,1787750745212,58.3837901,24.4978502,3.7130000591278076,,device_e7atfmfs64d
difficult_curb,Difficult curb,2026-08-26 16:26:10,2026-08-26T13:26:10Z,1787750770208,58.3838266,24.4985608,3.065000057220459,,device_e7atfmfs64d
difficult_curb,Difficult curb,2026-08-26 16:26:54,2026-08-26T13:26:54Z,1787750814151,58.3839052,24.4991869,3,,device_e7atfmfs64d
poor_surface,Poor surface material,2026-08-26 16:26:58,2026-08-26T13:26:58Z,1787750818676,58.3839027,24.4991737,3,,device_e7atfmfs64d
poor_surface,Poor surface material,2026-08-26 16:28:06,2026-08-26T13:28:06Z,1787750886808,58.3830695,24.499724,3,,device_e7atfmfs64d
poor_surface,Poor surface material,2026-08-26 16:32:57,2026-08-26T13:32:57Z,1787751177561,58.3825629,24.505082,4.214000225067139,,device_e7atfmfs64d
poor_surface,Poor surface material,2026-08-26 16:34:46,2026-08-26T13:34:46Z,1787751286678,58.3834857,24.5063821,3.7279999256134033,,device_e7atfmfs64d
poor_surface,Poor surface material,2026-08-26 16:36:22,2026-08-26T13:36:22Z,1787751382311,58.3826336,24.5088542,3.005000114440918,93970c1a-689b-4e4c-96e3-00997d1acd91,device_e7atfmfs64d
poor_surface,Poor surface material,2026-08-26 16:36:56,2026-08-26T13:36:56Z,1787751416341,58.382422,24.5093997,3,93970c1a-689b-4e4c-96e3-00997d1acd91,device_e7atfmfs64d
poor_surface,Poor surface material,2026-08-26 16:37:11,2026-08-26T13:37:11Z,1787751431594,58.3823385,24.5096849,3.555999994277954,93970c1a-689b-4e4c-96e3-00997d1acd91,device_e7atfmfs64d
poor_surface,Poor surface material,2026-08-26 16:37:35,2026-08-26T13:37:35Z,1787751455237,58.3820571,24.5102557,3.8410000801086426,93970c1a-689b-4e4c-96e3-00997d1acd91,device_e7atfmfs64d
difficult_curb,Difficult curb,2026-08-26 16:37:54,2026-08-26T13:37:54Z,1787751474600,58.3818845,24.510763,4.857999801635742,93970c1a-689b-4e4c-96e3-00997d1acd91,device_e7atfmfs64d
lamppost,Lamppost in path,2026-08-26 16:38:08,2026-08-26T13:38:08Z,1787751488511,58.3818885,24.5108186,3.0339999198913574,93970c1a-689b-4e4c-96e3-00997d1acd91,device_e7atfmfs64d
poor_surface,Poor surface material,2026-08-26 16:38:13,2026-08-26T13:38:13Z,1787751493311,58.3818939,24.5108053,3.000999927520752,93970c1a-689b-4e4c-96e3-00997d1acd91,device_e7atfmfs64d
difficult_curb,Difficult curb,2026-08-26 16:38:17,2026-08-26T13:38:17Z,1787751497282,58.3818955,24.5108005,3.0510001182556152,93970c1a-689b-4e4c-96e3-00997d1acd91,device_e7atfmfs64d
difficult_curb,Difficult curb,2026-08-26 16:38:32,2026-08-26T13:38:32Z,1787751512389,58.3818104,24.5110249,3,93970c1a-689b-4e4c-96e3-00997d1acd91,device_e7atfmfs64d
poor_surface,Poor surface material,2026-08-26 16:38:55,2026-08-26T13:38:55Z,1787751535301,58.3815318,24.5117141,2.5829999446868896,93970c1a-689b-4e4c-96e3-00997d1acd91,device_e7atfmfs64d
lamppost,Lamppost in path,2026-08-26 16:39:57,2026-08-26T13:39:57Z,1787751597391,58.3807919,24.5132262,3.5910000801086426,93970c1a-689b-4e4c-96e3-00997d1acd91,device_e7atfmfs64d
difficult_curb,Difficult curb,2026-08-26 16:40:14,2026-08-26T13:40:14Z,1787751614420,58.3806394,24.513474,4.443999767303467,93970c1a-689b-4e4c-96e3-00997d1acd91,device_e7atfmfs64d
poor_surface,Poor surface material,2026-08-26 16:40:35,2026-08-26T13:40:35Z,1787751635842,58.3804454,24.513898,3.562999963760376,93970c1a-689b-4e4c-96e3-00997d1acd91,device_e7atfmfs64d
raised_manhole,Raised manhole cover,2026-08-26 16:40:55,2026-08-26T13:40:55Z,1787751655903,58.3803694,24.5140412,2.5,93970c1a-689b-4e4c-96e3-00997d1acd91,device_e7atfmfs64d
poor_surface,Poor surface material,2026-08-26 16:41:13,2026-08-26T13:41:13Z,1787751673147,58.3803249,24.5141008,7.669000148773193,93970c1a-689b-4e4c-96e3-00997d1acd91,device_e7atfmfs64d
poor_surface,Poor surface material,2026-08-26 16:41:38,2026-08-26T13:41:38Z,1787751698647,58.3800014,24.5146627,2.5,93970c1a-689b-4e4c-96e3-00997d1acd91,device_e7atfmfs64d
poor_surface,Poor surface material,2026-08-26 16:41:53,2026-08-26T13:41:53Z,1787751713989,58.3797668,24.5150688,3.8310000896453857,93970c1a-689b-4e4c-96e3-00997d1acd91,device_e7atfmfs64d
poor_surface,Poor surface material,2026-08-26 16:43:28,2026-08-26T13:43:28Z,1787751808727,58.3782799,24.5181602,3,93970c1a-689b-4e4c-96e3-00997d1acd91,device_e7atfmfs64d
poor_surface,Poor surface material,2026-08-26 16:44:39,2026-08-26T13:44:39Z,1787751879287,58.3773527,24.5203998,3,93970c1a-689b-4e4c-96e3-00997d1acd91,device_e7atfmfs64d
difficult_curb,Difficult curb,2026-08-26 16:44:59,2026-08-26T13:44:59Z,1787751899347,58.3771888,24.5207934,4.4710001945495605,93970c1a-689b-4e4c-96e3-00997d1acd91,device_e7atfmfs64d
raised_manhole,Raised manhole cover,2026-08-26 16:45:26,2026-08-26T13:45:26Z,1787751926278,58.376891,24.5214442,4,93970c1a-689b-4e4c-96e3-00997d1acd91,device_e7atfmfs64d
raised_manhole,Raised manhole cover,2026-08-26 16:45:51,2026-08-26T13:45:51Z,1787751951831,58.3766693,24.5220347,3.4760000705718994,93970c1a-689b-4e4c-96e3-00997d1acd91,device_e7atfmfs64d
poor_surface,Poor surface material,2026-08-26 16:45:56,2026-08-26T13:45:56Z,1787751956185,58.376669,24.522016,3,93970c1a-689b-4e4c-96e3-00997d1acd91,device_e7atfmfs64d
tree_roots,Tree roots,2026-08-26 16:46:07,2026-08-26T13:46:07Z,1787751967066,58.3765931,24.5222065,3.8540000915527344,93970c1a-689b-4e4c-96e3-00997d1acd91,device_e7atfmfs64d
lamppost,Lamppost in path,2026-08-26 16:46:12,2026-08-26T13:46:12Z,1787751972951,58.3765251,24.5223369,3.9170000553131104,93970c1a-689b-4e4c-96e3-00997d1acd91,device_e7atfmfs64d
poor_surface,Poor surface material,2026-08-26 16:46:34,2026-08-26T13:46:34Z,1787751994413,58.3762795,24.5230037,5.309999942779541,93970c1a-689b-4e4c-96e3-00997d1acd91,device_e7atfmfs64d
poor_surface,Poor surface material,2026-08-26 16:49:53,2026-08-26T13:49:53Z,1787752193336,58.3756921,24.5247231,3,93970c1a-689b-4e4c-96e3-00997d1acd91,device_e7atfmfs64d
poor_surface,Poor surface material,2026-08-26 16:50:12,2026-08-26T13:50:12Z,1787752212278,58.3757936,24.5244429,3.5309998989105225,93970c1a-689b-4e4c-96e3-00997d1acd91,device_e7atfmfs64d
tree_roots,Tree roots,2026-08-26 16:50:29,2026-08-26T13:50:29Z,1787752229149,58.3759237,24.5241317,3.687999963760376,93970c1a-689b-4e4c-96e3-00997d1acd91,device_e7atfmfs64d
tree_roots,Tree roots,2026-08-26 16:50:38,2026-08-26T13:50:38Z,1787752238195,58.375949,24.5241058,3,93970c1a-689b-4e4c-96e3-00997d1acd91,device_e7atfmfs64d
poor_surface,Poor surface material,2026-08-26 16:50:55,2026-08-26T13:50:55Z,1787752255268,58.3761145,24.5237815,3.4809999465942383,93970c1a-689b-4e4c-96e3-00997d1acd91,device_e7atfmfs64d
tree_roots,Tree roots,2026-08-26 16:51:06,2026-08-26T13:51:06Z,1787752266868,58.376123,24.5236968,4.3480000495910645,93970c1a-689b-4e4c-96e3-00997d1acd91,device_e7atfmfs64d
tree_roots,Tree roots,2026-08-26 16:51:21,2026-08-26T13:51:21Z,1787752281135,58.3762305,24.5233854,3.6530001163482666,93970c1a-689b-4e4c-96e3-00997d1acd91,device_e7atfmfs64d
tree_roots,Tree roots,2026-08-26 16:51:29,2026-08-26T13:51:29Z,1787752289505,58.3762509,24.5233465,4.340000152587891,93970c1a-689b-4e4c-96e3-00997d1acd91,device_e7atfmfs64d
poor_surface,Poor surface material,2026-08-26 16:51:32,2026-08-26T13:51:32Z,1787752292617,58.3762561,24.5233436,3.765000104904175,93970c1a-689b-4e4c-96e3-00997d1acd91,device_e7atfmfs64d
tree_roots,Tree roots,2026-08-26 16:51:44,2026-08-26T13:51:44Z,1787752304316,58.3763105,24.5231944,5.75,93970c1a-689b-4e4c-96e3-00997d1acd91,device_e7atfmfs64d
tree_roots,Tree roots,2026-08-26 16:51:54,2026-08-26T13:51:54Z,1787752314399,58.3763494,24.5230909,3.0759999752044678,93970c1a-689b-4e4c-96e3-00997d1acd91,device_e7atfmfs64d
raised_manhole,Raised manhole cover,2026-08-26 16:52:29,2026-08-26T13:52:29Z,1787752349623,58.3767848,24.5220839,3.3910000324249268,93970c1a-689b-4e4c-96e3-00997d1acd91,device_e7atfmfs64d
poor_surface,Poor surface material,2026-08-26 16:52:34,2026-08-26T13:52:34Z,1787752354177,58.3767787,24.5220953,3,93970c1a-689b-4e4c-96e3-00997d1acd91,device_e7atfmfs64d
tree_roots,Tree roots,2026-08-26 16:52:56,2026-08-26T13:52:56Z,1787752376922,58.3770225,24.5215266,5.159999847412109,93970c1a-689b-4e4c-96e3-00997d1acd91,device_e7atfmfs64d
tree_roots,Tree roots,2026-08-26 16:53:19,2026-08-26T13:53:19Z,1787752399918,58.3772682,24.520895,3.6480000019073486,93970c1a-689b-4e4c-96e3-00997d1acd91,device_e7atfmfs64d
tree_roots,Tree roots,2026-08-26 16:53:40,2026-08-26T13:53:40Z,1787752420760,58.3775029,24.5203938,4.599999904632568,93970c1a-689b-4e4c-96e3-00997d1acd91,device_e7atfmfs64d
tree_roots,Tree roots,2026-08-26 16:53:59,2026-08-26T13:53:59Z,1787752439164,58.3776796,24.5200086,4.76800012588501,93970c1a-689b-4e4c-96e3-00997d1acd91,device_e7atfmfs64d
poor_surface,Poor surface material,2026-08-26 16:54:01,2026-08-26T13:54:01Z,1787752441787,58.3776785,24.5199982,4.103000164031982,93970c1a-689b-4e4c-96e3-00997d1acd91,device_e7atfmfs64d
tree_roots,Tree roots,2026-08-26 16:54:11,2026-08-26T13:54:11Z,1787752451791,58.3777213,24.5198185,3,93970c1a-689b-4e4c-96e3-00997d1acd91,device_e7atfmfs64d
tree_roots,Tree roots,2026-08-26 16:54:23,2026-08-26T13:54:23Z,1787752463909,58.3777992,24.5195934,4.048999786376953,93970c1a-689b-4e4c-96e3-00997d1acd91,device_e7atfmfs64d
tree_roots,Tree roots,2026-08-26 16:54:39,2026-08-26T13:54:39Z,1787752479750,58.3779407,24.5192314,4.070000171661377,93970c1a-689b-4e4c-96e3-00997d1acd91,device_e7atfmfs64d
tree_roots,Tree roots,2026-08-26 16:54:49,2026-08-26T13:54:49Z,1787752489475,58.3780059,24.5191077,3.316999912261963,93970c1a-689b-4e4c-96e3-00997d1acd91,device_e7atfmfs64d
poor_surface,Poor surface material,2026-08-26 16:55:22,2026-08-26T13:55:22Z,1787752522913,58.37842,24.5182207,4.079999923706055,93970c1a-689b-4e4c-96e3-00997d1acd91,device_e7atfmfs64d
tree_roots,Tree roots,2026-08-26 16:55:38,2026-08-26T13:55:38Z,1787752538473,58.3785511,24.5178747,3.4590001106262207,93970c1a-689b-4e4c-96e3-00997d1acd91,device_e7atfmfs64d
tree_roots,Tree roots,2026-08-26 16:55:54,2026-08-26T13:55:54Z,1787752554618,58.3787066,24.517449,4.375999927520752,93970c1a-689b-4e4c-96e3-00997d1acd91,device_e7atfmfs64d
tree_roots,Tree roots,2026-08-26 16:56:02,2026-08-26T13:56:02Z,1787752562569,58.378716,24.517354,3.372999906539917,93970c1a-689b-4e4c-96e3-00997d1acd91,device_e7atfmfs64d
tree_roots,Tree roots,2026-08-26 16:56:14,2026-08-26T13:56:14Z,1787752574086,58.3787584,24.5172199,3.061000108718872,93970c1a-689b-4e4c-96e3-00997d1acd91,device_e7atfmfs64d
tree_roots,Tree roots,2026-08-26 16:56:24,2026-08-26T13:56:24Z,1787752584283,58.3789083,24.5170803,3.0160000324249268,93970c1a-689b-4e4c-96e3-00997d1acd91,device_e7atfmfs64d
tree_roots,Tree roots,2026-08-26 16:56:33,2026-08-26T13:56:33Z,1787752593064,58.3789708,24.5169869,5.116000175476074,93970c1a-689b-4e4c-96e3-00997d1acd91,device_e7atfmfs64d
raised_manhole,Raised manhole cover,2026-08-26 16:57:58,2026-08-26T13:57:58Z,1787752678205,58.3803111,24.5143291,3.0230000019073486,93970c1a-689b-4e4c-96e3-00997d1acd91,device_e7atfmfs64d
difficult_curb,Difficult curb,2026-08-26 16:58:27,2026-08-26T13:58:27Z,1787752707291,58.3807445,24.5136757,3.8429999351501465,93970c1a-689b-4e4c-96e3-00997d1acd91,device_e7atfmfs64d
difficult_curb,Difficult curb,2026-08-26 16:59:22,2026-08-26T13:59:22Z,1787752762227,58.3813938,24.5122582,4.166999816894531,93970c1a-689b-4e4c-96e3-00997d1acd91,device_e7atfmfs64d
poor_surface,Poor surface material,2026-08-26 17:00:09,2026-08-26T14:00:09Z,1787752809891,58.3819725,24.510884,3,93970c1a-689b-4e4c-96e3-00997d1acd91,device_e7atfmfs64d
poor_surface,Poor surface material,2026-08-26 17:01:30,2026-08-26T14:01:30Z,1787752890845,58.3821724,24.5089157,3,93970c1a-689b-4e4c-96e3-00997d1acd91,device_e7atfmfs64d
poor_surface,Poor surface material,2026-08-26 17:01:48,2026-08-26T14:01:48Z,1787752908000,58.3819824,24.5086503,3.6510000228881836,93970c1a-689b-4e4c-96e3-00997d1acd91,device_e7atfmfs64d
poor_surface,Poor surface material,2026-08-26 17:01:58,2026-08-26T14:01:58Z,1787752918864,58.3818981,24.5086397,3,93970c1a-689b-4e4c-96e3-00997d1acd91,device_e7atfmfs64d
poor_surface,Poor surface material,2026-08-26 17:02:39,2026-08-26T14:02:39Z,1787752959102,58.381278,24.507902,3,93970c1a-689b-4e4c-96e3-00997d1acd91,device_e7atfmfs64d
lamppost,Lamppost in path,2026-08-26 17:04:17,2026-08-26T14:04:17Z,1787753057320,58.3809164,24.5094791,3.2780001163482666,93970c1a-689b-4e4c-96e3-00997d1acd91,device_e7atfmfs64d
lamppost,Lamppost in path,2026-08-26 17:04:33,2026-08-26T14:04:33Z,1787753073084,58.3811003,24.5095994,3.1410000324249268,93970c1a-689b-4e4c-96e3-00997d1acd91,device_e7atfmfs64d
lamppost,Lamppost in path,2026-08-26 17:04:52,2026-08-26T14:04:52Z,1787753092287,58.3812959,24.5100013,3.1019999980926514,93970c1a-689b-4e4c-96e3-00997d1acd91,device_e7atfmfs64d
poor_surface,Poor surface material,2026-08-26 17:04:55,2026-08-26T14:04:55Z,1787753095480,58.3812927,24.5099956,3,93970c1a-689b-4e4c-96e3-00997d1acd91,device_e7atfmfs64d
lamppost,Lamppost in path,2026-08-26 17:05:40,2026-08-26T14:05:40Z,1787753140305,58.3816799,24.5105073,4.203999996185303,93970c1a-689b-4e4c-96e3-00997d1acd91,device_e7atfmfs64d
difficult_curb,Difficult curb,2026-08-26 17:06:17,2026-08-26T14:06:17Z,1787753177686,58.3815026,24.5100856,2.2980000972747803,93970c1a-689b-4e4c-96e3-00997d1acd91,device_e7atfmfs64d
difficult_curb,Difficult curb,2026-08-26 17:07:09,2026-08-26T14:07:09Z,1787753229450,58.3806095,24.5090869,3.447999954223633,93970c1a-689b-4e4c-96e3-00997d1acd91,device_e7atfmfs64d
difficult_curb,Difficult curb,2026-08-26 17:07:29,2026-08-26T14:07:29Z,1787753249956,58.3806366,24.5089796,3.446000099182129,93970c1a-689b-4e4c-96e3-00997d1acd91,device_e7atfmfs64d
lamppost,Lamppost in path,2026-08-26 17:07:35,2026-08-26T14:07:35Z,1787753255805,58.3806273,24.5089949,3.184999942779541,93970c1a-689b-4e4c-96e3-00997d1acd91,device_e7atfmfs64d
lamppost,Lamppost in path,2026-08-26 17:08:31,2026-08-26T14:08:31Z,1787753311610,58.3815037,24.5102806,3.75,93970c1a-689b-4e4c-96e3-00997d1acd91,device_e7atfmfs64d
tree_roots,Tree roots,2026-08-26 17:09:21,2026-08-26T14:09:21Z,1787753361592,58.3809783,24.5116907,3,93970c1a-689b-4e4c-96e3-00997d1acd91,device_e7atfmfs64d
poor_surface,Poor surface material,2026-08-26 17:10:00,2026-08-26T14:10:00Z,1787753400465,58.3811473,24.5119892,3,93970c1a-689b-4e4c-96e3-00997d1acd91,device_e7atfmfs64d
lamppost,Lamppost in path,2026-08-26 17:10:27,2026-08-26T14:10:27Z,1787753427896,58.3807841,24.5115057,3,93970c1a-689b-4e4c-96e3-00997d1acd91,device_e7atfmfs64d
poor_surface,Poor surface material,2026-08-26 17:10:44,2026-08-26T14:10:44Z,1787753444891,58.3805716,24.5111518,3.1429998874664307,93970c1a-689b-4e4c-96e3-00997d1acd91,device_e7atfmfs64d
difficult_curb,Difficult curb,2026-08-26 17:11:19,2026-08-26T14:11:19Z,1787753479086,58.3800877,24.5104678,3,93970c1a-689b-4e4c-96e3-00997d1acd91,device_e7atfmfs64d
difficult_curb,Difficult curb,2026-08-26 17:13:19,2026-08-26T14:13:19Z,1787753599077,58.3793025,24.5095141,7.370999813079834,93970c1a-689b-4e4c-96e3-00997d1acd91,device_e7atfmfs64d
poor_surface,Poor surface material,2026-08-26 17:15:13,2026-08-26T14:15:13Z,1787753713035,58.3780003,24.5131242,3.000999927520752,93970c1a-689b-4e4c-96e3-00997d1acd91,device_e7atfmfs64d
raised_manhole,Raised manhole cover,2026-08-26 17:15:48,2026-08-26T14:15:48Z,1787753748339,58.3777014,24.5139059,3.7239999771118164,93970c1a-689b-4e4c-96e3-00997d1acd91,device_e7atfmfs64d
poor_surface,Poor surface material,2026-08-26 17:17:45,2026-08-26T14:17:45Z,1787753865536,58.3765032,24.5171212,3.6440000534057617,93970c1a-689b-4e4c-96e3-00997d1acd91,device_e7atfmfs64d
lamppost,Lamppost in path,2026-08-26 17:22:55,2026-08-26T14:22:55Z,1787754175854,58.373759,24.5170584,3.0329999923706055,93970c1a-689b-4e4c-96e3-00997d1acd91,device_e7atfmfs64d
difficult_curb,Difficult curb,2026-08-26 17:23:24,2026-08-26T14:23:24Z,1787754204298,58.3739573,24.5160955,3,93970c1a-689b-4e4c-96e3-00997d1acd91,device_e7atfmfs64d
difficult_curb,Difficult curb,2026-08-26 17:23:35,2026-08-26T14:23:35Z,1787754215770,58.3739959,24.5158605,3.0160000324249268,93970c1a-689b-4e4c-96e3-00997d1acd91,device_e7atfmfs64d
poor_surface,Poor surface material,2026-08-26 17:23:39,2026-08-26T14:23:39Z,1787754219861,58.3739868,24.515868,3.069000005722046,93970c1a-689b-4e4c-96e3-00997d1acd91,device_e7atfmfs64d
raised_manhole,Raised manhole cover,2026-08-26 17:24:56,2026-08-26T14:24:56Z,1787754296133,58.3746188,24.5129655,4.181000232696533,93970c1a-689b-4e4c-96e3-00997d1acd91,device_e7atfmfs64d
poor_surface,Poor surface material,2026-08-26 17:26:08,2026-08-26T14:26:08Z,1787754368596,58.3752554,24.5101971,4.1479997634887695,93970c1a-689b-4e4c-96e3-00997d1acd91,device_e7atfmfs64d
poor_surface,Poor surface material,2026-08-26 17:26:24,2026-08-26T14:26:24Z,1787754384960,58.3753398,24.5097471,3.440000057220459,93970c1a-689b-4e4c-96e3-00997d1acd91,device_e7atfmfs64d
poor_surface,Poor surface material,2026-08-26 17:27:03,2026-08-26T14:27:03Z,1787754423338,58.3756387,24.5084211,3.372999906539917,93970c1a-689b-4e4c-96e3-00997d1acd91,device_e7atfmfs64d
poor_surface,Poor surface material,2026-08-26 17:27:11,2026-08-26T14:27:11Z,1787754431284,58.3756724,24.5083447,3,93970c1a-689b-4e4c-96e3-00997d1acd91,device_e7atfmfs64d
poor_surface,Poor surface material,2026-08-26 17:27:29,2026-08-26T14:27:29Z,1787754449192,58.3757671,24.5078969,3.746000051498413,93970c1a-689b-4e4c-96e3-00997d1acd91,device_e7atfmfs64d
poor_surface,Poor surface material,2026-08-26 17:28:39,2026-08-26T14:28:39Z,1787754519690,58.3763316,24.5052721,3,93970c1a-689b-4e4c-96e3-00997d1acd91,device_e7atfmfs64d
poor_surface,Poor surface material,2026-08-26 17:29:07,2026-08-26T14:29:07Z,1787754547210,58.376534,24.5044632,3.6480000019073486,93970c1a-689b-4e4c-96e3-00997d1acd91,device_e7atfmfs64d
difficult_curb,Difficult curb,2026-08-26 17:32:22,2026-08-26T14:32:22Z,1787754742878,58.3774938,24.5000987,5.550000190734863,93970c1a-689b-4e4c-96e3-00997d1acd91,device_e7atfmfs64d
difficult_curb,Difficult curb,2026-08-26 17:32:41,2026-08-26T14:32:41Z,1787754761245,58.3773933,24.5003606,3.4739999771118164,93970c1a-689b-4e4c-96e3-00997d1acd91,device_e7atfmfs64d
poor_surface,Poor surface material,2026-08-26 17:32:56,2026-08-26T14:32:56Z,1787754776142,58.3773054,24.5006008,3.2360000610351562,93970c1a-689b-4e4c-96e3-00997d1acd91,device_e7atfmfs64d
poor_surface,Poor surface material,2026-08-26 17:33:29,2026-08-26T14:33:29Z,1787754809250,58.376999,24.5016516,2.299999952316284,93970c1a-689b-4e4c-96e3-00997d1acd91,device_e7atfmfs64d
lamppost,Lamppost in path,2026-08-26 17:34:02,2026-08-26T14:34:02Z,1787754842671,58.3767157,24.5027653,2.4159998893737793,93970c1a-689b-4e4c-96e3-00997d1acd91,device_e7atfmfs64d
poor_surface,Poor surface material,2026-08-26 17:34:26,2026-08-26T14:34:26Z,1787754866488,58.3765382,24.5035273,3.421999931335449,93970c1a-689b-4e4c-96e3-00997d1acd91,device_e7atfmfs64d
poor_surface,Poor surface material,2026-08-26 17:34:43,2026-08-26T14:34:43Z,1787754883348,58.3764254,24.5038785,2.9579999446868896,93970c1a-689b-4e4c-96e3-00997d1acd91,device_e7atfmfs64d
poor_surface,Poor surface material,2026-08-26 17:34:54,2026-08-26T14:34:54Z,1787754894562,58.3763764,24.5040675,3,93970c1a-689b-4e4c-96e3-00997d1acd91,device_e7atfmfs64d
raised_manhole,Raised manhole cover,2026-08-26 17:35:06,2026-08-26T14:35:06Z,1787754906839,58.3763302,24.5042827,3.484999895095825,93970c1a-689b-4e4c-96e3-00997d1acd91,device_e7atfmfs64d
poor_surface,Poor surface material,2026-08-26 17:35:16,2026-08-26T14:35:16Z,1787754916281,58.3763107,24.5044035,2.9000000953674316,93970c1a-689b-4e4c-96e3-00997d1acd91,device_e7atfmfs64d
poor_surface,Poor surface material,2026-08-26 17:36:16,2026-08-26T14:36:16Z,1787754976066,58.3757851,24.5065119,3.0360000133514404,93970c1a-689b-4e4c-96e3-00997d1acd91,device_e7atfmfs64d
poor_surface,Poor surface material,2026-08-26 17:37:17,2026-08-26T14:37:17Z,1787755037202,58.3753064,24.5087438,4.935999870300293,93970c1a-689b-4e4c-96e3-00997d1acd91,device_e7atfmfs64d
poor_surface,Poor surface material,2026-08-26 17:37:35,2026-08-26T14:37:35Z,1787755055318,58.3751964,24.5092325,4.547999858856201,93970c1a-689b-4e4c-96e3-00997d1acd91,device_e7atfmfs64d
difficult_curb,Difficult curb,2026-08-26 17:38:02,2026-08-26T14:38:02Z,1787755082220,58.375019,24.5099905,3.6689999103546143,93970c1a-689b-4e4c-96e3-00997d1acd91,device_e7atfmfs64d
difficult_curb,Difficult curb,2026-08-26 17:38:11,2026-08-26T14:38:11Z,1787755091225,58.3749852,24.5100801,3,93970c1a-689b-4e4c-96e3-00997d1acd91,device_e7atfmfs64d
tree_roots,Tree roots,2026-08-26 17:38:32,2026-08-26T14:38:32Z,1787755112796,58.3748786,24.5105126,3,93970c1a-689b-4e4c-96e3-00997d1acd91,device_e7atfmfs64d
poor_surface,Poor surface material,2026-08-26 17:39:24,2026-08-26T14:39:24Z,1787755164782,58.3744661,24.5123741,3,93970c1a-689b-4e4c-96e3-00997d1acd91,device_e7atfmfs64d
poor_surface,Poor surface material,2026-08-26 17:39:37,2026-08-26T14:39:37Z,1787755177600,58.3744103,24.5126018,3.2960000038146973,93970c1a-689b-4e4c-96e3-00997d1acd91,device_e7atfmfs64d
poor_surface,Poor surface material,2026-08-26 17:40:04,2026-08-26T14:40:04Z,1787755204224,58.3742395,24.5134294,2.9000000953674316,93970c1a-689b-4e4c-96e3-00997d1acd91,device_e7atfmfs64d
poor_surface,Poor surface material,2026-08-26 17:40:30,2026-08-26T14:40:30Z,1787755230442,58.374069,24.5141748,2.5999999046325684,93970c1a-689b-4e4c-96e3-00997d1acd91,device_e7atfmfs64d
poor_surface,Poor surface material,2026-08-26 17:40:53,2026-08-26T14:40:53Z,1787755253353,58.3739342,24.5148525,2.700000047683716,93970c1a-689b-4e4c-96e3-00997d1acd91,device_e7atfmfs64d
tree_roots,Tree roots,2026-08-26 18:12:15,2026-08-26T15:12:15Z,1787757135200,58.3737911,24.5044433,2.75,93970c1a-689b-4e4c-96e3-00997d1acd91,device_e7atfmfs64d
poor_surface,Poor surface material,2026-08-26 18:13:39,2026-08-26T15:13:39Z,1787757219146,58.3745278,24.5017467,2.0999999046325684,93970c1a-689b-4e4c-96e3-00997d1acd91,device_e7atfmfs64d
raised_manhole,Raised manhole cover,2026-08-26 18:14:35,2026-08-26T15:14:35Z,1787757275068,58.3753842,24.501189,3,93970c1a-689b-4e4c-96e3-00997d1acd91,device_e7atfmfs64d
poor_surface,Poor surface material,2026-08-26 18:14:41,2026-08-26T15:14:41Z,1787757281940,58.3753655,24.5011999,3,93970c1a-689b-4e4c-96e3-00997d1acd91,device_e7atfmfs64d
poor_surface,Poor surface material,2026-08-26 18:15:13,2026-08-26T15:15:13Z,1787757313626,58.375759,24.5010025,4.2270002365112305,93970c1a-689b-4e4c-96e3-00997d1acd91,device_e7atfmfs64d
raised_manhole,Raised manhole cover,2026-08-26 18:15:33,2026-08-26T15:15:33Z,1787757333426,58.376043,24.5008224,4.989999771118164,93970c1a-689b-4e4c-96e3-00997d1acd91,device_e7atfmfs64d
poor_surface,Poor surface material,2026-08-26 18:15:41,2026-08-26T15:15:41Z,1787757341961,58.3760795,24.5008145,3,93970c1a-689b-4e4c-96e3-00997d1acd91,device_e7atfmfs64d
poor_surface,Poor surface material,2026-08-26 18:16:16,2026-08-26T15:16:16Z,1787757376075,58.3766968,24.5004495,3.6389999389648438,93970c1a-689b-4e4c-96e3-00997d1acd91,device_e7atfmfs64d
poor_surface,Poor surface material,2026-08-27 11:10:57,2026-08-27T08:10:57Z,1787818257074,58.3788703,24.5011588,3,914181dd-f243-4bac-96f1-6cdcb10d23a0,device_e7atfmfs64d
poor_surface,Poor surface material,2026-08-27 11:12:36,2026-08-27T08:12:36Z,1787818356783,58.3798056,24.4986109,3.696000099182129,914181dd-f243-4bac-96f1-6cdcb10d23a0,device_e7atfmfs64d
poor_surface,Poor surface material,2026-08-27 11:13:55,2026-08-27T08:13:55Z,1787818435371,58.380799,24.4962627,4.040999889373779,914181dd-f243-4bac-96f1-6cdcb10d23a0,device_e7atfmfs64d
raised_manhole,Raised manhole cover,2026-08-27 11:14:08,2026-08-27T08:14:08Z,1787818448723,58.3809149,24.4962878,4.553999900817871,914181dd-f243-4bac-96f1-6cdcb10d23a0,device_e7atfmfs64d
difficult_curb,Difficult curb,2026-08-27 11:14:37,2026-08-27T08:14:37Z,1787818477054,58.3809433,24.4962676,3.500999927520752,914181dd-f243-4bac-96f1-6cdcb10d23a0,device_e7atfmfs64d
poor_surface,Poor surface material,2026-08-27 11:15:23,2026-08-27T08:15:23Z,1787818523981,58.381272,24.4963694,3.5810000896453857,914181dd-f243-4bac-96f1-6cdcb10d23a0,device_e7atfmfs64d
poor_surface,Poor surface material,2026-08-27 11:15:47,2026-08-27T08:15:47Z,1787818547497,58.3813718,24.4963972,8.428000450134277,914181dd-f243-4bac-96f1-6cdcb10d23a0,device_e7atfmfs64d
poor_surface,Poor surface material,2026-08-27 11:16:06,2026-08-27T08:16:06Z,1787818566458,58.3815669,24.4966322,3.4609999656677246,914181dd-f243-4bac-96f1-6cdcb10d23a0,device_e7atfmfs64d
tree_roots,Tree roots,2026-08-27 11:16:09,2026-08-27T08:16:09Z,1787818569375,58.3815706,24.4966092,3.0380001068115234,914181dd-f243-4bac-96f1-6cdcb10d23a0,device_e7atfmfs64d
poor_surface,Poor surface material,2026-08-27 11:19:47,2026-08-27T08:19:47Z,1787818787899,58.3824942,24.4941152,3.003999948501587,914181dd-f243-4bac-96f1-6cdcb10d23a0,device_e7atfmfs64d
poor_surface,Poor surface material,2026-08-27 11:19:57,2026-08-27T08:19:57Z,1787818797313,58.3824457,24.4942224,3.0369999408721924,914181dd-f243-4bac-96f1-6cdcb10d23a0,device_e7atfmfs64d
poor_surface,Poor surface material,2026-08-27 11:20:14,2026-08-27T08:20:14Z,1787818814548,58.3822456,24.4946641,4.690999984741211,914181dd-f243-4bac-96f1-6cdcb10d23a0,device_e7atfmfs64d
poor_surface,Poor surface material,2026-08-27 11:20:27,2026-08-27T08:20:27Z,1787818827129,58.3821395,24.4949546,4.076000213623047,914181dd-f243-4bac-96f1-6cdcb10d23a0,device_e7atfmfs64d
poor_surface,Poor surface material,2026-08-27 11:20:38,2026-08-27T08:20:38Z,1787818838731,58.382089,24.4951429,3.6540000438690186,914181dd-f243-4bac-96f1-6cdcb10d23a0,device_e7atfmfs64d
poor_surface,Poor surface material,2026-08-27 11:20:56,2026-08-27T08:20:56Z,1787818856050,58.3820299,24.4954567,4.006999969482422,914181dd-f243-4bac-96f1-6cdcb10d23a0,device_e7atfmfs64d
poor_surface,Poor surface material,2026-08-27 11:21:11,2026-08-27T08:21:11Z,1787818871629,58.3819612,24.4960379,3.5,914181dd-f243-4bac-96f1-6cdcb10d23a0,device_e7atfmfs64d
poor_surface,Poor surface material,2026-08-27 11:21:28,2026-08-27T08:21:28Z,1787818888641,58.3819738,24.4964625,3.3329999446868896,914181dd-f243-4bac-96f1-6cdcb10d23a0,device_e7atfmfs64d
poor_surface,Poor surface material,2026-08-27 11:21:46,2026-08-27T08:21:46Z,1787818906419,58.3820264,24.4970404,3.799999952316284,914181dd-f243-4bac-96f1-6cdcb10d23a0,device_e7atfmfs64d
poor_surface,Poor surface material,2026-08-27 11:22:31,2026-08-27T08:22:31Z,1787818951806,58.3822059,24.4982207,3.010999917984009,914181dd-f243-4bac-96f1-6cdcb10d23a0,device_e7atfmfs64d
poor_surface,Poor surface material,2026-08-27 11:22:51,2026-08-27T08:22:51Z,1787818971767,58.3825654,24.4981202,3,914181dd-f243-4bac-96f1-6cdcb10d23a0,device_e7atfmfs64d
poor_surface,Poor surface material,2026-08-27 11:23:13,2026-08-27T08:23:13Z,1787818993186,58.3828914,24.4980791,5.263999938964844,914181dd-f243-4bac-96f1-6cdcb10d23a0,device_e7atfmfs64d
difficult_curb,Difficult curb,2026-08-27 11:23:48,2026-08-27T08:23:48Z,1787819028576,58.3831114,24.4979881,2.5,914181dd-f243-4bac-96f1-6cdcb10d23a0,device_e7atfmfs64d
difficult_curb,Difficult curb,2026-08-27 11:27:20,2026-08-27T08:27:20Z,1787819240365,58.3844393,24.4950423,3.3259999752044678,914181dd-f243-4bac-96f1-6cdcb10d23a0,device_e7atfmfs64d
difficult_curb,Difficult curb,2026-08-27 11:27:41,2026-08-27T08:27:41Z,1787819261666,58.3844468,24.4949831,3.6600000858306885,914181dd-f243-4bac-96f1-6cdcb10d23a0,device_e7atfmfs64d
difficult_curb,Difficult curb,2026-08-27 11:27:53,2026-08-27T08:27:53Z,1787819273711,58.384432,24.4948551,4.4670000076293945,914181dd-f243-4bac-96f1-6cdcb10d23a0,device_e7atfmfs64d
difficult_curb,Difficult curb,2026-08-27 11:28:04,2026-08-27T08:28:04Z,1787819284123,58.3843685,24.4948344,3.0980000495910645,914181dd-f243-4bac-96f1-6cdcb10d23a0,device_e7atfmfs64d
poor_surface,Poor surface material,2026-08-27 11:28:19,2026-08-27T08:28:19Z,1787819299712,58.3844361,24.4947868,3.049999952316284,914181dd-f243-4bac-96f1-6cdcb10d23a0,device_e7atfmfs64d
poor_surface,Poor surface material,2026-08-27 11:28:31,2026-08-27T08:28:31Z,1787819311147,58.3845237,24.4947897,4.322000026702881,914181dd-f243-4bac-96f1-6cdcb10d23a0,device_e7atfmfs64d
poor_surface,Poor surface material,2026-08-27 11:28:46,2026-08-27T08:28:46Z,1787819326824,58.3846901,24.4947177,6.171999931335449,914181dd-f243-4bac-96f1-6cdcb10d23a0,device_e7atfmfs64d
difficult_curb,Difficult curb,2026-08-27 11:29:31,2026-08-27T08:29:31Z,1787819371282,58.3848838,24.4939512,3.993000030517578,914181dd-f243-4bac-96f1-6cdcb10d23a0,device_e7atfmfs64d
poor_surface,Poor surface material,2026-08-27 11:32:33,2026-08-27T08:32:33Z,1787819553144,58.3852926,24.495025,3.615000009536743,914181dd-f243-4bac-96f1-6cdcb10d23a0,device_e7atfmfs64d
poor_surface,Poor surface material,2026-08-27 11:32:49,2026-08-27T08:32:49Z,1787819569906,58.3854176,24.4947948,3.878000020980835,914181dd-f243-4bac-96f1-6cdcb10d23a0,device_e7atfmfs64d
poor_surface,Poor surface material,2026-08-27 11:32:55,2026-08-27T08:32:55Z,1787819575959,58.3854301,24.4946941,3.2690000534057617,914181dd-f243-4bac-96f1-6cdcb10d23a0,device_e7atfmfs64d
poor_surface,Poor surface material,2026-08-27 11:33:04,2026-08-27T08:33:04Z,1787819584266,58.3854197,24.4943724,3.8320000171661377,914181dd-f243-4bac-96f1-6cdcb10d23a0,device_e7atfmfs64d
poor_surface,Poor surface material,2026-08-27 11:33:11,2026-08-27T08:33:11Z,1787819591968,58.3853888,24.4941583,4.175000190734863,914181dd-f243-4bac-96f1-6cdcb10d23a0,device_e7atfmfs64d
raised_manhole,Raised manhole cover,2026-08-27 11:33:28,2026-08-27T08:33:28Z,1787819608149,58.3853576,24.4939435,3.388000011444092,914181dd-f243-4bac-96f1-6cdcb10d23a0,device_e7atfmfs64d
tree_roots,Tree roots,2026-08-27 11:35:23,2026-08-27T08:35:23Z,1787819723968,58.3871651,24.4952721,3,914181dd-f243-4bac-96f1-6cdcb10d23a0,device_e7atfmfs64d
difficult_curb,Difficult curb,2026-08-27 11:57:56,2026-08-27T08:57:56Z,1787821076156,58.3858134,24.5039179,3.0399999618530273,914181dd-f243-4bac-96f1-6cdcb10d23a0,device_e7atfmfs64d
poor_surface,Poor surface material,2026-08-27 11:58:02,2026-08-27T08:58:02Z,1787821082912,58.385817,24.5039157,3.0299999713897705,914181dd-f243-4bac-96f1-6cdcb10d23a0,device_e7atfmfs64d
poor_surface,Poor surface material,2026-08-27 11:59:03,2026-08-27T08:59:03Z,1787821143964,58.3855404,24.5039969,5.790999889373779,914181dd-f243-4bac-96f1-6cdcb10d23a0,device_e7atfmfs64d
poor_surface,Poor surface material,2026-08-27 11:59:15,2026-08-27T08:59:15Z,1787821155826,58.3855025,24.5040511,3.5789999961853027,914181dd-f243-4bac-96f1-6cdcb10d23a0,device_e7atfmfs64d
poor_surface,Poor surface material,2026-08-27 12:01:02,2026-08-27T09:01:02Z,1787821262131,58.3837401,24.5047358,3,914181dd-f243-4bac-96f1-6cdcb10d23a0,device_e7atfmfs64d
poor_surface,Poor surface material,2026-08-27 12:02:30,2026-08-27T09:02:30Z,1787821350672,58.3822724,24.5059643,3,914181dd-f243-4bac-96f1-6cdcb10d23a0,device_e7atfmfs64d
difficult_curb,Difficult curb,2026-08-27 12:02:48,2026-08-27T09:02:48Z,1787821368189,58.3822278,24.505958,3.2209999561309814,914181dd-f243-4bac-96f1-6cdcb10d23a0,device_e7atfmfs64d
tree_roots,Tree roots,2026-08-27 12:03:22,2026-08-27T09:03:22Z,1787821402012,58.3821485,24.5058771,3.0369999408721924,914181dd-f243-4bac-96f1-6cdcb10d23a0,device_e7atfmfs64d
poor_surface,Poor surface material,2026-08-27 12:03:24,2026-08-27T09:03:24Z,1787821404642,58.3821485,24.5058771,3.0999999046325684,914181dd-f243-4bac-96f1-6cdcb10d23a0,device_e7atfmfs64d
poor_surface,Poor surface material,2026-08-27 12:03:42,2026-08-27T09:03:42Z,1787821422913,58.382066,24.5056072,3.3329999446868896,914181dd-f243-4bac-96f1-6cdcb10d23a0,device_e7atfmfs64d
poor_surface,Poor surface material,2026-08-27 12:04:13,2026-08-27T09:04:13Z,1787821453307,58.3818171,24.5046586,3.700000047683716,914181dd-f243-4bac-96f1-6cdcb10d23a0,device_e7atfmfs64d
tree_roots,Tree roots,2026-08-27 12:04:19,2026-08-27T09:04:19Z,1787821459993,58.381815,24.5046309,4,914181dd-f243-4bac-96f1-6cdcb10d23a0,device_e7atfmfs64d
difficult_curb,Difficult curb,2026-08-27 12:07:28,2026-08-27T09:07:28Z,1787821648074,58.3841628,24.502774,7.514999866485596,914181dd-f243-4bac-96f1-6cdcb10d23a0,device_e7atfmfs64d
difficult_curb,Difficult curb,2026-08-27 12:10:57,2026-08-27T09:10:57Z,1787821857985,58.3836608,24.5061351,3.0179998874664307,914181dd-f243-4bac-96f1-6cdcb10d23a0,device_e7atfmfs64d
poor_surface,Poor surface material,2026-08-27 12:17:45,2026-08-27T09:17:45Z,1787822265381,58.3816465,24.5035316,3.1010000705718994,914181dd-f243-4bac-96f1-6cdcb10d23a0,device_e7atfmfs64d
poor_surface,Poor surface material,2026-08-27 12:17:53,2026-08-27T09:17:53Z,1787822273506,58.3816965,24.5034973,3.694000005722046,914181dd-f243-4bac-96f1-6cdcb10d23a0,device_e7atfmfs64d
tree_roots,Tree roots,2026-08-27 12:17:56,2026-08-27T09:17:56Z,1787822276357,58.3816863,24.5034967,3.566999912261963,914181dd-f243-4bac-96f1-6cdcb10d23a0,device_e7atfmfs64d
poor_surface,Poor surface material,2026-08-27 12:18:27,2026-08-27T09:18:27Z,1787822307623,58.3821989,24.5032717,3.122999906539917,914181dd-f243-4bac-96f1-6cdcb10d23a0,device_e7atfmfs64d
poor_surface,Poor surface material,2026-08-27 12:18:40,2026-08-27T09:18:40Z,1787822320084,58.3823953,24.503181,3.059999942779541,914181dd-f243-4bac-96f1-6cdcb10d23a0,device_e7atfmfs64d
poor_surface,Poor surface material,2026-08-27 12:22:28,2026-08-27T09:22:28Z,1787822548842,58.3812308,24.5019462,2.6659998893737793,914181dd-f243-4bac-96f1-6cdcb10d23a0,device_e7atfmfs64d
poor_surface,Poor surface material,2026-08-27 12:22:41,2026-08-27T09:22:41Z,1787822561831,58.3812096,24.5015653,2.75,914181dd-f243-4bac-96f1-6cdcb10d23a0,device_e7atfmfs64d
poor_surface,Poor surface material,2026-08-27 12:23:03,2026-08-27T09:23:03Z,1787822583877,58.381161,24.5009246,2.8329999446868896,914181dd-f243-4bac-96f1-6cdcb10d23a0,device_e7atfmfs64d
poor_surface,Poor surface material,2026-08-27 12:23:26,2026-08-27T09:23:26Z,1787822606311,58.3811411,24.5005538,3,914181dd-f243-4bac-96f1-6cdcb10d23a0,device_e7atfmfs64d
difficult_curb,Difficult curb,2026-08-27 12:24:06,2026-08-27T09:24:06Z,1787822646033,58.3811429,24.5002675,3,914181dd-f243-4bac-96f1-6cdcb10d23a0,device_e7atfmfs64d
tree_roots,Tree roots,2026-08-27 12:25:33,2026-08-27T09:25:33Z,1787822733039,58.3820764,24.5013136,5.0980000495910645,914181dd-f243-4bac-96f1-6cdcb10d23a0,device_e7atfmfs64d
poor_surface,Poor surface material,2026-08-27 12:27:01,2026-08-27T09:27:01Z,1787822821648,58.3812206,24.5000412,3,914181dd-f243-4bac-96f1-6cdcb10d23a0,device_e7atfmfs64d
poor_surface,Poor surface material,2026-08-27 12:27:16,2026-08-27T09:27:16Z,1787822836133,58.3812643,24.5000362,3.134999990463257,914181dd-f243-4bac-96f1-6cdcb10d23a0,device_e7atfmfs64d
poor_surface,Poor surface material,2026-08-27 12:27:45,2026-08-27T09:27:45Z,1787822865738,58.3817406,24.4998924,4.420000076293945,914181dd-f243-4bac-96f1-6cdcb10d23a0,device_e7atfmfs64d
poor_surface,Poor surface material,2026-08-27 12:28:40,2026-08-27T09:28:40Z,1787822920033,58.3819405,24.498655,5.86299991607666,914181dd-f243-4bac-96f1-6cdcb10d23a0,device_e7atfmfs64d
poor_surface,Poor surface material,2026-08-27 12:28:47,2026-08-27T09:28:47Z,1787822927207,58.3819233,24.4984118,3.8289999961853027,914181dd-f243-4bac-96f1-6cdcb10d23a0,device_e7atfmfs64d
poor_surface,Poor surface material,2026-08-27 12:29:01,2026-08-27T09:29:01Z,1787822941326,58.3819212,24.4982416,3.822000026702881,914181dd-f243-4bac-96f1-6cdcb10d23a0,device_e7atfmfs64d
difficult_curb,Difficult curb,2026-08-27 12:29:38,2026-08-27T09:29:38Z,1787822978689,58.3819115,24.4981404,3.9189999103546143,914181dd-f243-4bac-96f1-6cdcb10d23a0,device_e7atfmfs64d
difficult_curb,Difficult curb,2026-08-27 12:29:47,2026-08-27T09:29:47Z,1787822987945,58.3819458,24.4982275,4.223999977111816,914181dd-f243-4bac-96f1-6cdcb10d23a0,device_e7atfmfs64d
poor_surface,Poor surface material,2026-08-27 12:33:53,2026-08-27T09:33:53Z,1787823233955,58.3824249,24.5000793,2.9000000953674316,914181dd-f243-4bac-96f1-6cdcb10d23a0,device_e7atfmfs64d
poor_surface,Poor surface material,2026-08-27 12:34:21,2026-08-27T09:34:21Z,1787823261544,58.3829367,24.4999578,3.3329999446868896,914181dd-f243-4bac-96f1-6cdcb10d23a0,device_e7atfmfs64d
poor_surface,Poor surface material,2026-08-27 12:34:41,2026-08-27T09:34:41Z,1787823281130,58.383082,24.4997157,3.1659998893737793,914181dd-f243-4bac-96f1-6cdcb10d23a0,device_e7atfmfs64d
poor_surface,Poor surface material,2026-08-27 12:35:16,2026-08-27T09:35:16Z,1787823316143,58.3824982,24.4997999,2.9159998893737793,914181dd-f243-4bac-96f1-6cdcb10d23a0,device_e7atfmfs64d
poor_surface,Poor surface material,2026-08-27 12:36:29,2026-08-27T09:36:29Z,1787823389203,58.382173,24.4983547,2.700000047683716,914181dd-f243-4bac-96f1-6cdcb10d23a0,device_e7atfmfs64d
poor_surface,Poor surface material,2026-08-27 12:37:57,2026-08-27T09:37:57Z,1787823477074,58.3816439,24.4982848,4.585999965667725,914181dd-f243-4bac-96f1-6cdcb10d23a0,device_e7atfmfs64d
tree_roots,Tree roots,2026-08-27 12:38:03,2026-08-27T09:38:03Z,1787823483905,58.3815774,24.4982911,3.003000020980835,914181dd-f243-4bac-96f1-6cdcb10d23a0,device_e7atfmfs64d
tree_roots,Tree roots,2026-08-27 12:38:10,2026-08-27T09:38:10Z,1787823490076,58.3815104,24.4983144,3.9049999713897705,914181dd-f243-4bac-96f1-6cdcb10d23a0,device_e7atfmfs64d
poor_surface,Poor surface material,2026-08-27 12:38:19,2026-08-27T09:38:19Z,1787823499597,58.3814075,24.4983821,3.5739998817443848,914181dd-f243-4bac-96f1-6cdcb10d23a0,device_e7atfmfs64d
poor_surface,Poor surface material,2026-08-27 12:38:28,2026-08-27T09:38:28Z,1787823508837,58.3812784,24.4983794,4.428999900817871,914181dd-f243-4bac-96f1-6cdcb10d23a0,device_e7atfmfs64d
poor_surface,Poor surface material,2026-08-27 12:38:37,2026-08-27T09:38:37Z,1787823517370,58.3811639,24.4983963,4.843999862670898,914181dd-f243-4bac-96f1-6cdcb10d23a0,device_e7atfmfs64d
difficult_curb,Difficult curb,2026-08-27 12:39:57,2026-08-27T09:39:57Z,1787823597981,58.3810967,24.4980755,4.491000175476074,914181dd-f243-4bac-96f1-6cdcb10d23a0,device_e7atfmfs64d
tree_roots,Tree roots,2026-08-27 12:40:15,2026-08-27T09:40:15Z,1787823615977,58.3811034,24.4979866,3,914181dd-f243-4bac-96f1-6cdcb10d23a0,device_e7atfmfs64d
tree_roots,Tree roots,2026-08-27 12:40:26,2026-08-27T09:40:26Z,1787823626587,58.3810643,24.4978801,3.0980000495910645,914181dd-f243-4bac-96f1-6cdcb10d23a0,device_e7atfmfs64d
tree_roots,Tree roots,2026-08-27 12:40:35,2026-08-27T09:40:35Z,1787823635748,58.381061,24.497809,3.8550000190734863,914181dd-f243-4bac-96f1-6cdcb10d23a0,device_e7atfmfs64d
tree_roots,Tree roots,2026-08-27 12:40:50,2026-08-27T09:40:50Z,1787823650987,58.3810708,24.4975421,4.993000030517578,914181dd-f243-4bac-96f1-6cdcb10d23a0,device_e7atfmfs64d
tree_roots,Tree roots,2026-08-27 12:40:57,2026-08-27T09:40:57Z,1787823657887,58.3810872,24.4974665,3.5369999408721924,914181dd-f243-4bac-96f1-6cdcb10d23a0,device_e7atfmfs64d
tree_roots,Tree roots,2026-08-27 12:41:22,2026-08-27T09:41:22Z,1787823682927,58.3810404,24.4965093,3.6500000953674316,914181dd-f243-4bac-96f1-6cdcb10d23a0,device_e7atfmfs64d
poor_surface,Poor surface material,2026-08-27 12:43:46,2026-08-27T09:43:46Z,1787823826106,58.3795398,24.4952754,3.2090001106262207,914181dd-f243-4bac-96f1-6cdcb10d23a0,device_e7atfmfs64d
poor_surface,Poor surface material,2026-08-27 12:44:17,2026-08-27T09:44:17Z,1787823857293,58.3792859,24.4954923,4.598999977111816,914181dd-f243-4bac-96f1-6cdcb10d23a0,device_e7atfmfs64d
tree_roots,Tree roots,2026-08-27 12:44:30,2026-08-27T09:44:30Z,1787823870967,58.37916,24.4954348,5.224999904632568,914181dd-f243-4bac-96f1-6cdcb10d23a0,device_e7atfmfs64d
poor_surface,Poor surface material,2026-08-27 12:46:09,2026-08-27T09:46:09Z,1787823969510,58.3775067,24.4980661,3.01200008392334,914181dd-f243-4bac-96f1-6cdcb10d23a0,device_e7atfmfs64d
poor_surface,Poor surface material,2026-08-27 12:46:21,2026-08-27T09:46:21Z,1787823981381,58.3773963,24.4978936,3,914181dd-f243-4bac-96f1-6cdcb10d23a0,device_e7atfmfs64d
poor_surface,Poor surface material,2026-08-27 12:46:33,2026-08-27T09:46:33Z,1787823993307,58.3772347,24.4976979,3.0220000743865967,914181dd-f243-4bac-96f1-6cdcb10d23a0,device_e7atfmfs64d
poor_surface,Poor surface material,2026-08-27 12:46:55,2026-08-27T09:46:55Z,1787824015119,58.3768582,24.4972834,3.006999969482422,914181dd-f243-4bac-96f1-6cdcb10d23a0,device_e7atfmfs64d
difficult_curb,Difficult curb,2026-08-27 15:34:04,2026-08-27T12:34:04Z,1787834044999,58.3852313,24.4994989,2.4000000953674316,c80873cd-e95e-47e3-9244-bc16ab2db8ea,device_e7atfmfs64d
difficult_curb,Difficult curb,2026-08-27 15:34:30,2026-08-27T12:34:30Z,1787834070515,58.3856058,24.4994994,2.5,c80873cd-e95e-47e3-9244-bc16ab2db8ea,device_e7atfmfs64d
difficult_curb,Difficult curb,2026-08-27 15:34:59,2026-08-27T12:34:59Z,1787834099746,58.386075,24.4993772,2.700000047683716,c80873cd-e95e-47e3-9244-bc16ab2db8ea,device_e7atfmfs64d
lamppost,Lamppost in path,2026-08-27 15:41:07,2026-08-27T12:41:07Z,1787834467599,58.3913818,24.4937113,6.709000110626221,c80873cd-e95e-47e3-9244-bc16ab2db8ea,device_e7atfmfs64d
lamppost,Lamppost in path,2026-08-27 15:42:50,2026-08-27T12:42:50Z,1787834570060,58.3909959,24.4895356,2.5,c80873cd-e95e-47e3-9244-bc16ab2db8ea,device_e7atfmfs64d
lamppost,Lamppost in path,2026-08-27 15:43:07,2026-08-27T12:43:07Z,1787834587782,58.3909466,24.4889645,2.4000000953674316,c80873cd-e95e-47e3-9244-bc16ab2db8ea,device_e7atfmfs64d
lamppost,Lamppost in path,2026-08-27 15:43:24,2026-08-27T12:43:24Z,1787834604413,58.3908888,24.4882803,2.0999999046325684,c80873cd-e95e-47e3-9244-bc16ab2db8ea,device_e7atfmfs64d
lamppost,Lamppost in path,2026-08-27 15:43:40,2026-08-27T12:43:40Z,1787834620799,58.3908195,24.487649,2.5,c80873cd-e95e-47e3-9244-bc16ab2db8ea,device_e7atfmfs64d
lamppost,Lamppost in path,2026-08-27 15:43:55,2026-08-27T12:43:55Z,1787834635151,58.3907654,24.487,2.5,c80873cd-e95e-47e3-9244-bc16ab2db8ea,device_e7atfmfs64d
lamppost,Lamppost in path,2026-08-27 15:44:04,2026-08-27T12:44:04Z,1787834644284,58.390733,24.4866608,2.5,c80873cd-e95e-47e3-9244-bc16ab2db8ea,device_e7atfmfs64d
lamppost,Lamppost in path,2026-08-27 15:44:13,2026-08-27T12:44:13Z,1787834653101,58.3906996,24.4863276,2.5,c80873cd-e95e-47e3-9244-bc16ab2db8ea,device_e7atfmfs64d
lamppost,Lamppost in path,2026-08-27 15:44:29,2026-08-27T12:44:29Z,1787834669705,58.3906377,24.4856589,2.5,c80873cd-e95e-47e3-9244-bc16ab2db8ea,device_e7atfmfs64d
lamppost,Lamppost in path,2026-08-27 15:44:59,2026-08-27T12:44:59Z,1787834699472,58.3904914,24.4843606,2.9000000953674316,c80873cd-e95e-47e3-9244-bc16ab2db8ea,device_e7atfmfs64d
lamppost,Lamppost in path,2026-08-27 15:45:17,2026-08-27T12:45:17Z,1787834717741,58.3904235,24.4835672,2.6640000343322754,c80873cd-e95e-47e3-9244-bc16ab2db8ea,device_e7atfmfs64d
poor_surface,Poor surface material,2026-08-27 15:46:46,2026-08-27T12:46:46Z,1787834806232,58.3887662,24.4818894,2.6659998893737793,c80873cd-e95e-47e3-9244-bc16ab2db8ea,device_e7atfmfs64d
poor_surface,Poor surface material,2026-08-27 15:47:08,2026-08-27T12:47:08Z,1787834828317,58.3883452,24.4818392,2.9159998893737793,c80873cd-e95e-47e3-9244-bc16ab2db8ea,device_e7atfmfs64d
poor_surface,Poor surface material,2026-08-27 15:47:15,2026-08-27T12:47:15Z,1787834835966,58.3882373,24.4818143,2.5999999046325684,c80873cd-e95e-47e3-9244-bc16ab2db8ea,device_e7atfmfs64d
difficult_curb,Difficult curb,2026-08-27 15:48:37,2026-08-27T12:48:37Z,1787834917493,58.3880041,24.4791538,2.9159998893737793,c80873cd-e95e-47e3-9244-bc16ab2db8ea,device_e7atfmfs64d
poor_surface,Poor surface material,2026-08-27 15:48:40,2026-08-27T12:48:40Z,1787834920759,58.3880041,24.4791538,2.9000000953674316,c80873cd-e95e-47e3-9244-bc16ab2db8ea,device_e7atfmfs64d
raised_manhole,Raised manhole cover,2026-08-27 15:48:53,2026-08-27T12:48:53Z,1787834933008,58.3880374,24.4789533,3.7760000228881836,c80873cd-e95e-47e3-9244-bc16ab2db8ea,device_e7atfmfs64d
poor_surface,Poor surface material,2026-08-27 15:52:45,2026-08-27T12:52:45Z,1787835165587,58.389797,24.4699669,2.700000047683716,c80873cd-e95e-47e3-9244-bc16ab2db8ea,device_e7atfmfs64d
difficult_curb,Difficult curb,2026-08-27 15:53:17,2026-08-27T12:53:17Z,1787835197329,58.3899996,24.4693004,2.5999999046325684,c80873cd-e95e-47e3-9244-bc16ab2db8ea,device_e7atfmfs64d
difficult_curb,Difficult curb,2026-08-27 15:54:17,2026-08-27T12:54:17Z,1787835257734,58.3896968,24.4711887,2.5,c80873cd-e95e-47e3-9244-bc16ab2db8ea,device_e7atfmfs64d
difficult_curb,Difficult curb,2026-08-27 15:55:26,2026-08-27T12:55:26Z,1787835326454,58.3891681,24.4736655,2.700000047683716,c80873cd-e95e-47e3-9244-bc16ab2db8ea,device_e7atfmfs64d
poor_surface,Poor surface material,2026-08-27 16:00:03,2026-08-27T13:00:03Z,1787835603252,58.3881722,24.4816084,2.5,c80873cd-e95e-47e3-9244-bc16ab2db8ea,device_e7atfmfs64d
poor_surface,Poor surface material,2026-08-27 16:00:18,2026-08-27T13:00:18Z,1787835618092,58.3882937,24.4816255,2.799999952316284,c80873cd-e95e-47e3-9244-bc16ab2db8ea,device_e7atfmfs64d
poor_surface,Poor surface material,2026-08-27 16:00:43,2026-08-27T13:00:43Z,1787835643396,58.3887314,24.4816923,2.9000000953674316,c80873cd-e95e-47e3-9244-bc16ab2db8ea,device_e7atfmfs64d
difficult_curb,Difficult curb,2026-08-27 16:00:55,2026-08-27T13:00:55Z,1787835655399,58.388856,24.4817315,3.2049999237060547,c80873cd-e95e-47e3-9244-bc16ab2db8ea,device_e7atfmfs64d
poor_surface,Poor surface material,2026-08-27 16:00:59,2026-08-27T13:00:59Z,1787835659638,58.3888544,24.4817276,2.9159998893737793,c80873cd-e95e-47e3-9244-bc16ab2db8ea,device_e7atfmfs64d
difficult_curb,Difficult curb,2026-08-27 16:01:18,2026-08-27T13:01:18Z,1787835678095,58.3891741,24.4817684,2.700000047683716,c80873cd-e95e-47e3-9244-bc16ab2db8ea,device_e7atfmfs64d
poor_surface,Poor surface material,2026-08-27 16:01:51,2026-08-27T13:01:51Z,1787835711231,58.3896744,24.4818763,2.9159998893737793,c80873cd-e95e-47e3-9244-bc16ab2db8ea,device_e7atfmfs64d
lamppost,Lamppost in path,2026-08-27 16:01:59,2026-08-27T13:01:59Z,1787835719669,58.389692,24.4819019,2.9000000953674316,c80873cd-e95e-47e3-9244-bc16ab2db8ea,device_e7atfmfs64d
poor_surface,Poor surface material,2026-08-27 16:02:10,2026-08-27T13:02:10Z,1787835730556,58.3897468,24.4819659,7.184000015258789,c80873cd-e95e-47e3-9244-bc16ab2db8ea,device_e7atfmfs64d
lamppost,Lamppost in path,2026-08-27 16:02:29,2026-08-27T13:02:29Z,1787835749718,58.3900026,24.4823083,2.4000000953674316,c80873cd-e95e-47e3-9244-bc16ab2db8ea,device_e7atfmfs64d
lamppost,Lamppost in path,2026-08-27 16:02:42,2026-08-27T13:02:42Z,1787835762523,58.390254,24.4826235,3,c80873cd-e95e-47e3-9244-bc16ab2db8ea,device_e7atfmfs64d
difficult_curb,Difficult curb,2026-08-27 16:03:02,2026-08-27T13:03:02Z,1787835782886,58.3905602,24.4830295,2.5,c80873cd-e95e-47e3-9244-bc16ab2db8ea,device_e7atfmfs64d
difficult_curb,Difficult curb,2026-08-27 16:03:38,2026-08-27T13:03:38Z,1787835818144,58.390707,24.4842828,6.965000152587891,c80873cd-e95e-47e3-9244-bc16ab2db8ea,device_e7atfmfs64d
poor_surface,Poor surface material,2026-08-27 16:04:02,2026-08-27T13:04:02Z,1787835842016,58.3907883,24.4850804,4.382999897003174,c80873cd-e95e-47e3-9244-bc16ab2db8ea,device_e7atfmfs64d
poor_surface,Poor surface material,2026-08-27 16:04:09,2026-08-27T13:04:09Z,1787835849727,58.3907922,24.4851653,3.1530001163482666,c80873cd-e95e-47e3-9244-bc16ab2db8ea,device_e7atfmfs64d
difficult_curb,Difficult curb,2026-08-27 16:04:19,2026-08-27T13:04:19Z,1787835859139,58.3908194,24.4853684,5.104000091552734,c80873cd-e95e-47e3-9244-bc16ab2db8ea,device_e7atfmfs64d
difficult_curb,Difficult curb,2026-08-27 16:04:31,2026-08-27T13:04:31Z,1787835871802,58.3908298,24.4855766,3.1600000858306885,c80873cd-e95e-47e3-9244-bc16ab2db8ea,device_e7atfmfs64d
difficult_curb,Difficult curb,2026-08-27 16:05:02,2026-08-27T13:05:02Z,1787835902215,58.3909348,24.4866155,4.520999908447266,c80873cd-e95e-47e3-9244-bc16ab2db8ea,device_e7atfmfs64d
difficult_curb,Difficult curb,2026-08-27 16:05:12,2026-08-27T13:05:12Z,1787835912073,58.3909444,24.4867344,2.200000047683716,c80873cd-e95e-47e3-9244-bc16ab2db8ea,device_e7atfmfs64d
tree_roots,Tree roots,2026-08-27 16:06:49,2026-08-27T13:06:49Z,1787836009398,58.3912732,24.4901368,4.089000225067139,c80873cd-e95e-47e3-9244-bc16ab2db8ea,device_e7atfmfs64d
tree_roots,Tree roots,2026-08-27 16:07:01,2026-08-27T13:07:01Z,1787836021441,58.3913042,24.4903781,4.120999813079834,c80873cd-e95e-47e3-9244-bc16ab2db8ea,device_e7atfmfs64d
poor_surface,Poor surface material,2026-08-27 16:07:23,2026-08-27T13:07:23Z,1787836043284,58.3913849,24.4911704,3.200000047683716,c80873cd-e95e-47e3-9244-bc16ab2db8ea,device_e7atfmfs64d
poor_surface,Poor surface material,2026-08-27 16:14:02,2026-08-27T13:14:02Z,1787836442376,58.3878294,24.4965964,3.700000047683716,c80873cd-e95e-47e3-9244-bc16ab2db8ea,device_e7atfmfs64d
lamppost,Lamppost in path,2026-08-27 16:14:49,2026-08-27T13:14:49Z,1787836489225,58.3877626,24.4982445,5.2769999504089355,c80873cd-e95e-47e3-9244-bc16ab2db8ea,device_e7atfmfs64d
lamppost,Lamppost in path,2026-08-27 16:15:03,2026-08-27T13:15:03Z,1787836503244,58.3878072,24.4987923,5.169000148773193,c80873cd-e95e-47e3-9244-bc16ab2db8ea,device_e7atfmfs64d
lamppost,Lamppost in path,2026-08-27 16:16:22,2026-08-27T13:16:22Z,1787836582880,58.387938,24.5022388,3.812000036239624,c80873cd-e95e-47e3-9244-bc16ab2db8ea,device_e7atfmfs64d
lamppost,Lamppost in path,2026-08-27 16:16:39,2026-08-27T13:16:39Z,1787836599947,58.3879643,24.5028872,2.700000047683716,c80873cd-e95e-47e3-9244-bc16ab2db8ea,device_e7atfmfs64d
difficult_curb,Difficult curb,2026-08-27 16:18:24,2026-08-27T13:18:24Z,1787836704162,58.38797,24.5067066,2.3329999446868896,c80873cd-e95e-47e3-9244-bc16ab2db8ea,device_e7atfmfs64d
poor_surface,Poor surface material,2026-08-27 16:21:05,2026-08-27T13:21:05Z,1787836865784,58.3865817,24.5111846,2.5999999046325684,c80873cd-e95e-47e3-9244-bc16ab2db8ea,device_e7atfmfs64d
difficult_curb,Difficult curb,2026-08-27 16:21:58,2026-08-27T13:21:58Z,1787836918891,58.386278,24.5119396,3.2079999446868896,c80873cd-e95e-47e3-9244-bc16ab2db8ea,device_e7atfmfs64d
raised_manhole,Raised manhole cover,2026-08-27 16:22:15,2026-08-27T13:22:15Z,1787836935600,58.3862307,24.5120776,4.203999996185303,c80873cd-e95e-47e3-9244-bc16ab2db8ea,device_e7atfmfs64d
poor_surface,Poor surface material,2026-08-27 16:22:39,2026-08-27T13:22:39Z,1787836959995,58.3860463,24.512429,4.809000015258789,c80873cd-e95e-47e3-9244-bc16ab2db8ea,device_e7atfmfs64d
poor_surface,Poor surface material,2026-08-27 16:22:56,2026-08-27T13:22:56Z,1787836976358,58.3858157,24.5127923,3,c80873cd-e95e-47e3-9244-bc16ab2db8ea,device_e7atfmfs64d
difficult_curb,Difficult curb,2026-08-27 16:25:53,2026-08-27T13:25:53Z,1787837153006,58.3830405,24.5177447,3,c80873cd-e95e-47e3-9244-bc16ab2db8ea,device_e7atfmfs64d
poor_surface,Poor surface material,2026-08-27 16:26:02,2026-08-27T13:26:02Z,1787837162947,58.3829958,24.517839,2.5999999046325684,c80873cd-e95e-47e3-9244-bc16ab2db8ea,device_e7atfmfs64d
tree_roots,Tree roots,2026-08-27 16:26:20,2026-08-27T13:26:20Z,1787837180525,58.3828683,24.5182937,2.700000047683716,c80873cd-e95e-47e3-9244-bc16ab2db8ea,device_e7atfmfs64d
tree_roots,Tree roots,2026-08-27 16:26:26,2026-08-27T13:26:26Z,1787837186986,58.3828598,24.5183431,2.9000000953674316,c80873cd-e95e-47e3-9244-bc16ab2db8ea,device_e7atfmfs64d
tree_roots,Tree roots,2026-08-27 16:26:33,2026-08-27T13:26:33Z,1787837193671,58.3828453,24.5183978,4.974999904632568,c80873cd-e95e-47e3-9244-bc16ab2db8ea,device_e7atfmfs64d
tree_roots,Tree roots,2026-08-27 16:26:43,2026-08-27T13:26:43Z,1787837203948,58.3827684,24.5186833,3.5999999046325684,c80873cd-e95e-47e3-9244-bc16ab2db8ea,device_e7atfmfs64d
tree_roots,Tree roots,2026-08-27 16:26:51,2026-08-27T13:26:51Z,1787837211708,58.3827326,24.5187634,3.25,c80873cd-e95e-47e3-9244-bc16ab2db8ea,device_e7atfmfs64d
tree_roots,Tree roots,2026-08-27 16:26:58,2026-08-27T13:26:58Z,1787837218489,58.382727,24.5188308,2.75,c80873cd-e95e-47e3-9244-bc16ab2db8ea,device_e7atfmfs64d
tree_roots,Tree roots,2026-08-27 16:27:11,2026-08-27T13:27:11Z,1787837231890,58.3826391,24.5191531,3,c80873cd-e95e-47e3-9244-bc16ab2db8ea,device_e7atfmfs64d
poor_surface,Poor surface material,2026-08-27 16:27:24,2026-08-27T13:27:24Z,1787837244512,58.3825535,24.5194445,2.4000000953674316,c80873cd-e95e-47e3-9244-bc16ab2db8ea,device_e7atfmfs64d
poor_surface,Poor surface material,2026-08-27 16:27:36,2026-08-27T13:27:36Z,1787837256071,58.3824731,24.5196934,5.067999839782715,c80873cd-e95e-47e3-9244-bc16ab2db8ea,device_e7atfmfs64d
tree_roots,Tree roots,2026-08-27 16:27:46,2026-08-27T13:27:46Z,1787837266213,58.3824225,24.5198436,3.4560000896453857,c80873cd-e95e-47e3-9244-bc16ab2db8ea,device_e7atfmfs64d
poor_surface,Poor surface material,2026-08-27 16:27:53,2026-08-27T13:27:53Z,1787837273739,58.3824135,24.5199447,4.296000003814697,c80873cd-e95e-47e3-9244-bc16ab2db8ea,device_e7atfmfs64d
tree_roots,Tree roots,2026-08-27 16:28:01,2026-08-27T13:28:01Z,1787837281086,58.382377,24.5200683,4.007999897003174,c80873cd-e95e-47e3-9244-bc16ab2db8ea,device_e7atfmfs64d
poor_surface,Poor surface material,2026-08-27 16:28:04,2026-08-27T13:28:04Z,1787837284643,58.3823733,24.5201,4.201000213623047,c80873cd-e95e-47e3-9244-bc16ab2db8ea,device_e7atfmfs64d
poor_surface,Poor surface material,2026-08-27 16:28:16,2026-08-27T13:28:16Z,1787837296391,58.3823073,24.5203942,4.609000205993652,c80873cd-e95e-47e3-9244-bc16ab2db8ea,device_e7atfmfs64d
difficult_curb,Difficult curb,2026-08-27 16:28:29,2026-08-27T13:28:29Z,1787837309780,58.3822042,24.5207075,4.611000061035156,c80873cd-e95e-47e3-9244-bc16ab2db8ea,device_e7atfmfs64d
difficult_curb,Difficult curb,2026-08-27 16:28:38,2026-08-27T13:28:38Z,1787837318665,58.3821537,24.5208262,3.8480000495910645,c80873cd-e95e-47e3-9244-bc16ab2db8ea,device_e7atfmfs64d
poor_surface,Poor surface material,2026-08-27 16:29:08,2026-08-27T13:29:08Z,1787837348276,58.3820092,24.5211089,3.3350000381469727,c80873cd-e95e-47e3-9244-bc16ab2db8ea,device_e7atfmfs64d
difficult_curb,Difficult curb,2026-08-27 16:30:01,2026-08-27T13:30:01Z,1787837401056,58.3813383,24.5229067,2.6659998893737793,c80873cd-e95e-47e3-9244-bc16ab2db8ea,device_e7atfmfs64d
poor_surface,Poor surface material,2026-08-27 16:30:12,2026-08-27T13:30:12Z,1787837412579,58.3812711,24.5230762,2.8340001106262207,c80873cd-e95e-47e3-9244-bc16ab2db8ea,device_e7atfmfs64d
poor_surface,Poor surface material,2026-08-27 16:30:19,2026-08-27T13:30:19Z,1787837419004,58.3812641,24.5231147,2.5,c80873cd-e95e-47e3-9244-bc16ab2db8ea,device_e7atfmfs64d
poor_surface,Poor surface material,2026-08-27 16:30:25,2026-08-27T13:30:25Z,1787837425497,58.3812183,24.5232257,2.799999952316284,c80873cd-e95e-47e3-9244-bc16ab2db8ea,device_e7atfmfs64d
poor_surface,Poor surface material,2026-08-27 16:30:37,2026-08-27T13:30:37Z,1787837437945,58.3810664,24.5235823,3.4000000953674316,c80873cd-e95e-47e3-9244-bc16ab2db8ea,device_e7atfmfs64d
poor_surface,Poor surface material,2026-08-27 16:30:44,2026-08-27T13:30:44Z,1787837444457,58.3809883,24.5237863,3.750999927520752,c80873cd-e95e-47e3-9244-bc16ab2db8ea,device_e7atfmfs64d
poor_surface,Poor surface material,2026-08-27 16:30:54,2026-08-27T13:30:54Z,1787837454932,58.3808373,24.5241526,3.9000000953674316,c80873cd-e95e-47e3-9244-bc16ab2db8ea,device_e7atfmfs64d
poor_surface,Poor surface material,2026-08-27 16:31:09,2026-08-27T13:31:09Z,1787837469136,58.3807531,24.5243997,2.8329999446868896,c80873cd-e95e-47e3-9244-bc16ab2db8ea,device_e7atfmfs64d
poor_surface,Poor surface material,2026-08-27 16:31:18,2026-08-27T13:31:18Z,1787837478667,58.3806567,24.5246378,3.2290000915527344,c80873cd-e95e-47e3-9244-bc16ab2db8ea,device_e7atfmfs64d
poor_surface,Poor surface material,2026-08-27 16:31:38,2026-08-27T13:31:38Z,1787837498911,58.3804423,24.5252154,4.840000152587891,c80873cd-e95e-47e3-9244-bc16ab2db8ea,device_e7atfmfs64d
poor_surface,Poor surface material,2026-08-27 16:32:15,2026-08-27T13:32:15Z,1787837535571,58.3799987,24.5262542,4.629000186920166,c80873cd-e95e-47e3-9244-bc16ab2db8ea,device_e7atfmfs64d
difficult_curb,Difficult curb,2026-08-27 16:32:24,2026-08-27T13:32:24Z,1787837544791,58.3799584,24.5263579,7.506999969482422,c80873cd-e95e-47e3-9244-bc16ab2db8ea,device_e7atfmfs64d
difficult_curb,Difficult curb,2026-08-27 16:32:39,2026-08-27T13:32:39Z,1787837559108,58.3798915,24.52653,2.4779999256134033,c80873cd-e95e-47e3-9244-bc16ab2db8ea,device_e7atfmfs64d
poor_surface,Poor surface material,2026-08-27 16:32:50,2026-08-27T13:32:50Z,1787837570705,58.3798093,24.5267609,2.9820001125335693,c80873cd-e95e-47e3-9244-bc16ab2db8ea,device_e7atfmfs64d
poor_surface,Poor surface material,2026-08-27 16:33:10,2026-08-27T13:33:10Z,1787837590533,58.3795774,24.5273389,3,c80873cd-e95e-47e3-9244-bc16ab2db8ea,device_e7atfmfs64d
poor_surface,Poor surface material,2026-08-27 16:33:18,2026-08-27T13:33:18Z,1787837598843,58.3794743,24.527598,3,c80873cd-e95e-47e3-9244-bc16ab2db8ea,device_e7atfmfs64d
difficult_curb,Difficult curb,2026-08-27 16:35:10,2026-08-27T13:35:10Z,1787837710843,58.3780506,24.5313437,2.9000000953674316,c80873cd-e95e-47e3-9244-bc16ab2db8ea,device_e7atfmfs64d
poor_surface,Poor surface material,2026-08-27 16:35:40,2026-08-27T13:35:40Z,1787837740206,58.37794,24.5316235,2.628000020980835,c80873cd-e95e-47e3-9244-bc16ab2db8ea,device_e7atfmfs64d
raised_manhole,Raised manhole cover,2026-08-27 16:40:24,2026-08-27T13:40:24Z,1787838024732,58.3739907,24.5402366,2.5999999046325684,c80873cd-e95e-47e3-9244-bc16ab2db8ea,device_e7atfmfs64d
raised_manhole,Raised manhole cover,2026-08-27 16:41:06,2026-08-27T13:41:06Z,1787838066070,58.3734923,24.5412211,4.513000011444092,c80873cd-e95e-47e3-9244-bc16ab2db8ea,device_e7atfmfs64d
poor_surface,Poor surface material,2026-08-27 16:43:23,2026-08-27T13:43:23Z,1787838203052,58.3715087,24.5452394,2.5829999446868896,c80873cd-e95e-47e3-9244-bc16ab2db8ea,device_e7atfmfs64d
difficult_curb,Difficult curb,2026-08-27 16:43:58,2026-08-27T13:43:58Z,1787838238554,58.370966,24.5461456,2.5829999446868896,c80873cd-e95e-47e3-9244-bc16ab2db8ea,device_e7atfmfs64d
poor_surface,Poor surface material,2026-08-27 16:44:01,2026-08-27T13:44:01Z,1787838241891,58.3709282,24.5462324,2.5,c80873cd-e95e-47e3-9244-bc16ab2db8ea,device_e7atfmfs64d
raised_manhole,Raised manhole cover,2026-08-27 16:44:15,2026-08-27T13:44:15Z,1787838255825,58.3707487,24.5465879,2.5,c80873cd-e95e-47e3-9244-bc16ab2db8ea,device_e7atfmfs64d
poor_surface,Poor surface material,2026-08-27 16:44:34,2026-08-27T13:44:34Z,1787838274130,58.370506,24.547114,4.486000061035156,c80873cd-e95e-47e3-9244-bc16ab2db8ea,device_e7atfmfs64d
raised_manhole,Raised manhole cover,2026-08-27 16:45:00,2026-08-27T13:45:00Z,1787838300676,58.3702354,24.5477468,4.179999828338623,c80873cd-e95e-47e3-9244-bc16ab2db8ea,device_e7atfmfs64d
raised_manhole,Raised manhole cover,2026-08-27 16:45:17,2026-08-27T13:45:17Z,1787838317524,58.3702049,24.5478721,9.333000183105469,c80873cd-e95e-47e3-9244-bc16ab2db8ea,device_e7atfmfs64d
difficult_curb,Difficult curb,2026-08-27 16:48:17,2026-08-27T13:48:17Z,1787838497660,58.368647,24.5504654,5.676000118255615,c80873cd-e95e-47e3-9244-bc16ab2db8ea,device_e7atfmfs64d
poor_surface,Poor surface material,2026-08-27 16:48:59,2026-08-27T13:48:59Z,1787838539934,58.3680756,24.5511389,3.003000020980835,c80873cd-e95e-47e3-9244-bc16ab2db8ea,device_e7atfmfs64d
difficult_curb,Difficult curb,2026-08-27 16:49:24,2026-08-27T13:49:24Z,1787838564096,58.3677315,24.5518312,3,c80873cd-e95e-47e3-9244-bc16ab2db8ea,device_e7atfmfs64d
poor_surface,Poor surface material,2026-08-27 16:49:29,2026-08-27T13:49:29Z,1787838569511,58.3676805,24.5519202,3,c80873cd-e95e-47e3-9244-bc16ab2db8ea,device_e7atfmfs64d
poor_surface,Poor surface material,2026-08-27 16:49:53,2026-08-27T13:49:53Z,1787838593153,58.3673179,24.5526027,4.389999866485596,c80873cd-e95e-47e3-9244-bc16ab2db8ea,device_e7atfmfs64d
poor_surface,Poor surface material,2026-08-27 16:53:50,2026-08-27T13:53:50Z,1787838830943,58.3637136,24.5593549,2.5,c80873cd-e95e-47e3-9244-bc16ab2db8ea,device_e7atfmfs64d
difficult_curb,Difficult curb,2026-08-27 16:54:14,2026-08-27T13:54:14Z,1787838854209,58.3634727,24.5598169,2.5,c80873cd-e95e-47e3-9244-bc16ab2db8ea,device_e7atfmfs64d
difficult_curb,Difficult curb,2026-08-27 16:57:46,2026-08-27T13:57:46Z,1787839066201,58.3605392,24.5655112,3,c80873cd-e95e-47e3-9244-bc16ab2db8ea,device_e7atfmfs64d
difficult_curb,Difficult curb,2026-08-27 16:59:13,2026-08-27T13:59:13Z,1787839153680,58.359937,24.5684305,2.6659998893737793,c80873cd-e95e-47e3-9244-bc16ab2db8ea,device_e7atfmfs64d
difficult_curb,Difficult curb,2026-08-27 16:59:54,2026-08-27T13:59:54Z,1787839194116,58.3599793,24.5684495,6.559000015258789,c80873cd-e95e-47e3-9244-bc16ab2db8ea,device_e7atfmfs64d
difficult_curb,Difficult curb,2026-08-27 17:00:00,2026-08-27T14:00:00Z,1787839200865,58.3600471,24.5684994,2.5,c80873cd-e95e-47e3-9244-bc16ab2db8ea,device_e7atfmfs64d
difficult_curb,Difficult curb,2026-08-27 17:00:11,2026-08-27T14:00:11Z,1787839211543,58.3601891,24.5686172,2.5,c80873cd-e95e-47e3-9244-bc16ab2db8ea,device_e7atfmfs64d
difficult_curb,Difficult curb,2026-08-27 17:00:19,2026-08-27T14:00:19Z,1787839219451,58.3602633,24.5684728,2.5,c80873cd-e95e-47e3-9244-bc16ab2db8ea,device_e7atfmfs64d
poor_surface,Poor surface material,2026-08-27 17:05:06,2026-08-27T14:05:06Z,1787839506530,58.3640418,24.5612306,2.5,c80873cd-e95e-47e3-9244-bc16ab2db8ea,device_e7atfmfs64d
difficult_curb,Difficult curb,2026-08-27 17:15:19,2026-08-27T14:15:19Z,1787840119521,58.3687047,24.5506102,3.5920000076293945,c80873cd-e95e-47e3-9244-bc16ab2db8ea,device_e7atfmfs64d
lamppost,Lamppost in path,2026-08-27 17:15:36,2026-08-27T14:15:36Z,1787840136519,58.3686905,24.5505972,2.0999999046325684,c80873cd-e95e-47e3-9244-bc16ab2db8ea,device_e7atfmfs64d
difficult_curb,Difficult curb,2026-08-27 17:15:41,2026-08-27T14:15:41Z,1787840141174,58.3686484,24.5505147,2.4000000953674316,c80873cd-e95e-47e3-9244-bc16ab2db8ea,device_e7atfmfs64d
poor_surface,Poor surface material,2026-08-27 17:15:57,2026-08-27T14:15:57Z,1787840157077,58.3686269,24.5500943,2.6659998893737793,c80873cd-e95e-47e3-9244-bc16ab2db8ea,device_e7atfmfs64d
poor_surface,Poor surface material,2026-08-27 17:16:35,2026-08-27T14:16:35Z,1787840195004,58.3692857,24.548855,3.0269999504089355,c80873cd-e95e-47e3-9244-bc16ab2db8ea,device_e7atfmfs64d
poor_surface,Poor surface material,2026-08-27 17:16:41,2026-08-27T14:16:41Z,1787840201017,58.3693958,24.5486515,3,c80873cd-e95e-47e3-9244-bc16ab2db8ea,device_e7atfmfs64d
poor_surface,Poor surface material,2026-08-27 17:16:50,2026-08-27T14:16:50Z,1787840210458,58.3695478,24.5483559,4.196000099182129,c80873cd-e95e-47e3-9244-bc16ab2db8ea,device_e7atfmfs64d
poor_surface,Poor surface material,2026-08-27 17:19:43,2026-08-27T14:19:43Z,1787840383281,58.3723415,24.5427655,3,c80873cd-e95e-47e3-9244-bc16ab2db8ea,device_e7atfmfs64d
poor_surface,Poor surface material,2026-08-27 17:19:56,2026-08-27T14:19:56Z,1787840396570,58.3724281,24.5426627,3.6630001068115234,c80873cd-e95e-47e3-9244-bc16ab2db8ea,device_e7atfmfs64d
poor_surface,Poor surface material,2026-08-27 17:20:49,2026-08-27T14:20:49Z,1787840449808,58.373196,24.5410584,3,c80873cd-e95e-47e3-9244-bc16ab2db8ea,device_e7atfmfs64d
difficult_curb,Difficult curb,2026-08-27 17:21:03,2026-08-27T14:21:03Z,1787840463429,58.3732786,24.5408369,3.2060000896453857,c80873cd-e95e-47e3-9244-bc16ab2db8ea,device_e7atfmfs64d
poor_surface,Poor surface material,2026-08-27 17:21:46,2026-08-27T14:21:46Z,1787840506264,58.3733629,24.5406522,5.622000217437744,c80873cd-e95e-47e3-9244-bc16ab2db8ea,device_e7atfmfs64d
tree_roots,Tree roots,2026-08-27 17:22:08,2026-08-27T14:22:08Z,1787840528948,58.3736586,24.5401416,4.645999908447266,c80873cd-e95e-47e3-9244-bc16ab2db8ea,device_e7atfmfs64d
poor_surface,Poor surface material,2026-08-27 17:22:25,2026-08-27T14:22:25Z,1787840545268,58.3737513,24.5399366,3,c80873cd-e95e-47e3-9244-bc16ab2db8ea,device_e7atfmfs64d
poor_surface,Poor surface material,2026-08-27 17:22:44,2026-08-27T14:22:44Z,1787840564828,58.3739659,24.539458,4.251999855041504,c80873cd-e95e-47e3-9244-bc16ab2db8ea,device_e7atfmfs64d
poor_surface,Poor surface material,2026-08-27 17:23:03,2026-08-27T14:23:03Z,1787840583657,58.3742056,24.5390053,3.000999927520752,c80873cd-e95e-47e3-9244-bc16ab2db8ea,device_e7atfmfs64d
poor_surface,Poor surface material,2026-08-27 17:25:05,2026-08-27T14:25:05Z,1787840705991,58.3758734,24.5357693,2.5999999046325684,c80873cd-e95e-47e3-9244-bc16ab2db8ea,device_e7atfmfs64d
poor_surface,Poor surface material,2026-08-27 17:25:46,2026-08-27T14:25:46Z,1787840746658,58.376325,24.5347919,2.700000047683716,c80873cd-e95e-47e3-9244-bc16ab2db8ea,device_e7atfmfs64d
poor_surface,Poor surface material,2026-08-27 17:29:02,2026-08-27T14:29:02Z,1787840942171,58.3783686,24.5295969,4.485000133514404,c80873cd-e95e-47e3-9244-bc16ab2db8ea,device_e7atfmfs64d
difficult_curb,Difficult curb,2026-08-27 17:31:02,2026-08-27T14:31:02Z,1787841062398,58.3800881,24.5252105,3,c80873cd-e95e-47e3-9244-bc16ab2db8ea,device_e7atfmfs64d
poor_surface,Poor surface material,2026-08-27 17:32:03,2026-08-27T14:32:03Z,1787841123964,58.3809742,24.5229849,3.9719998836517334,c80873cd-e95e-47e3-9244-bc16ab2db8ea,device_e7atfmfs64d
difficult_curb,Difficult curb,2026-08-27 17:32:17,2026-08-27T14:32:17Z,1787841137999,58.3811435,24.5225467,3,c80873cd-e95e-47e3-9244-bc16ab2db8ea,device_e7atfmfs64d
poor_surface,Poor surface material,2026-08-27 17:32:27,2026-08-27T14:32:27Z,1787841147268,58.3812415,24.5222956,3,c80873cd-e95e-47e3-9244-bc16ab2db8ea,device_e7atfmfs64d
poor_surface,Poor surface material,2026-08-27 17:33:22,2026-08-27T14:33:22Z,1787841202365,58.3820644,24.5204756,4.2789998054504395,c80873cd-e95e-47e3-9244-bc16ab2db8ea,device_e7atfmfs64d
poor_surface,Poor surface material,2026-08-27 17:33:30,2026-08-27T14:33:30Z,1787841210177,58.3821565,24.5201492,3,c80873cd-e95e-47e3-9244-bc16ab2db8ea,device_e7atfmfs64d
poor_surface,Poor surface material,2026-08-27 17:33:36,2026-08-27T14:33:36Z,1787841216775,58.3822482,24.5198882,3,c80873cd-e95e-47e3-9244-bc16ab2db8ea,device_e7atfmfs64d
poor_surface,Poor surface material,2026-08-27 17:33:44,2026-08-27T14:33:44Z,1787841224232,58.3823166,24.5195898,3.005000114440918,c80873cd-e95e-47e3-9244-bc16ab2db8ea,device_e7atfmfs64d
poor_surface,Poor surface material,2026-08-27 17:33:55,2026-08-27T14:33:55Z,1787841235756,58.3824351,24.5191782,4.304999828338623,c80873cd-e95e-47e3-9244-bc16ab2db8ea,device_e7atfmfs64d
poor_surface,Poor surface material,2026-08-27 17:34:10,2026-08-27T14:34:10Z,1787841250030,58.3825677,24.5188274,4.929999828338623,c80873cd-e95e-47e3-9244-bc16ab2db8ea,device_e7atfmfs64d
poor_surface,Poor surface material,2026-08-27 17:34:18,2026-08-27T14:34:18Z,1787841258591,58.3825759,24.5187375,3,c80873cd-e95e-47e3-9244-bc16ab2db8ea,device_e7atfmfs64d
poor_surface,Poor surface material,2026-08-27 17:34:26,2026-08-27T14:34:26Z,1787841266407,58.3825968,24.5185852,3.9049999713897705,c80873cd-e95e-47e3-9244-bc16ab2db8ea,device_e7atfmfs64d
poor_surface,Poor surface material,2026-08-27 17:34:32,2026-08-27T14:34:32Z,1787841272995,58.3826623,24.5184629,4.864999771118164,c80873cd-e95e-47e3-9244-bc16ab2db8ea,device_e7atfmfs64d
poor_surface,Poor surface material,2026-08-27 17:34:39,2026-08-27T14:34:39Z,1787841279267,58.3827002,24.5183082,4.935999870300293,c80873cd-e95e-47e3-9244-bc16ab2db8ea,device_e7atfmfs64d
poor_surface,Poor surface material,2026-08-27 17:34:46,2026-08-27T14:34:46Z,1787841286958,58.3827626,24.5181012,4.791999816894531,c80873cd-e95e-47e3-9244-bc16ab2db8ea,device_e7atfmfs64d
poor_surface,Poor surface material,2026-08-27 17:34:52,2026-08-27T14:34:52Z,1787841292991,58.3828125,24.5179239,4.920000076293945,c80873cd-e95e-47e3-9244-bc16ab2db8ea,device_e7atfmfs64d
difficult_curb,Difficult curb,2026-08-27 17:35:03,2026-08-27T14:35:03Z,1787841303744,58.3828991,24.517556,4.568999767303467,c80873cd-e95e-47e3-9244-bc16ab2db8ea,device_e7atfmfs64d
lamppost,Lamppost in path,2026-08-27 17:37:27,2026-08-27T14:37:27Z,1787841447682,58.3852769,24.5134198,2.9000000953674316,c80873cd-e95e-47e3-9244-bc16ab2db8ea,device_e7atfmfs64d
lamppost,Lamppost in path,2026-08-27 17:37:40,2026-08-27T14:37:40Z,1787841460833,58.3854602,24.5130907,3.200000047683716,c80873cd-e95e-47e3-9244-bc16ab2db8ea,device_e7atfmfs64d
lamppost,Lamppost in path,2026-08-27 17:37:52,2026-08-27T14:37:52Z,1787841472052,58.3856521,24.5127774,3.4159998893737793,c80873cd-e95e-47e3-9244-bc16ab2db8ea,device_e7atfmfs64d
poor_surface,Poor surface material,2026-08-27 17:38:12,2026-08-27T14:38:12Z,1787841492715,58.3859171,24.5120966,2.5,c80873cd-e95e-47e3-9244-bc16ab2db8ea,device_e7atfmfs64d
poor_surface,Poor surface material,2026-08-27 17:38:20,2026-08-27T14:38:20Z,1787841500690,58.3859031,24.5119225,2.799999952316284,c80873cd-e95e-47e3-9244-bc16ab2db8ea,device_e7atfmfs64d
poor_surface,Poor surface material,2026-08-27 17:38:26,2026-08-27T14:38:26Z,1787841506842,58.3858879,24.5118147,3.311000108718872,c80873cd-e95e-47e3-9244-bc16ab2db8ea,device_e7atfmfs64d
poor_surface,Poor surface material,2026-08-27 17:38:33,2026-08-27T14:38:33Z,1787841513255,58.3858929,24.5117471,2.8329999446868896,c80873cd-e95e-47e3-9244-bc16ab2db8ea,device_e7atfmfs64d
poor_surface,Poor surface material,2026-08-27 17:38:39,2026-08-27T14:38:39Z,1787841519936,58.3858837,24.5115782,4.38100004196167,c80873cd-e95e-47e3-9244-bc16ab2db8ea,device_e7atfmfs64d
poor_surface,Poor surface material,2026-08-27 17:38:48,2026-08-27T14:38:48Z,1787841528864,58.3859067,24.5113638,5.177000045776367,c80873cd-e95e-47e3-9244-bc16ab2db8ea,device_e7atfmfs64d
poor_surface,Poor surface material,2026-08-27 17:40:00,2026-08-27T14:40:00Z,1787841600435,58.3862183,24.5106664,4.468999862670898,c80873cd-e95e-47e3-9244-bc16ab2db8ea,device_e7atfmfs64d
poor_surface,Poor surface material,2026-08-27 17:40:08,2026-08-27T14:40:08Z,1787841608742,58.3864212,24.5106689,5.228000164031982,c80873cd-e95e-47e3-9244-bc16ab2db8ea,device_e7atfmfs64d
lamppost,Lamppost in path,2026-08-27 17:40:24,2026-08-27T14:40:24Z,1787841624664,58.3866953,24.5105785,4.882999897003174,c80873cd-e95e-47e3-9244-bc16ab2db8ea,device_e7atfmfs64d
difficult_curb,Difficult curb,2026-08-27 17:47:03,2026-08-27T14:47:03Z,1787842023129,58.383666,24.5060949,4.015999794006348,c80873cd-e95e-47e3-9244-bc16ab2db8ea,device_e7atfmfs64d
poor_surface,Poor surface material,2026-08-27 18:03:49,2026-08-27T15:03:49Z,1787843029337,58.3829177,24.4980861,4.627999782562256,c80873cd-e95e-47e3-9244-bc16ab2db8ea,device_e7atfmfs64d
poor_surface,Poor surface material,2026-08-27 18:04:03,2026-08-27T15:04:03Z,1787843043604,58.3828613,24.4980486,3.5980000495910645,c80873cd-e95e-47e3-9244-bc16ab2db8ea,device_e7atfmfs64d
poor_surface,Poor surface material,2026-08-27 18:04:13,2026-08-27T15:04:13Z,1787843053601,58.3826192,24.4980925,4.057000160217285,c80873cd-e95e-47e3-9244-bc16ab2db8ea,device_e7atfmfs64d
poor_surface,Poor surface material,2026-08-27 18:04:22,2026-08-27T15:04:22Z,1787843062479,58.3824781,24.4981078,3.749000072479248,c80873cd-e95e-47e3-9244-bc16ab2db8ea,device_e7atfmfs64d
poor_surface,Poor surface material,2026-08-27 18:04:32,2026-08-27T15:04:32Z,1787843072949,58.3823089,24.4981398,3,c80873cd-e95e-47e3-9244-bc16ab2db8ea,device_e7atfmfs64d
difficult_curb,Difficult curb,2026-08-27 18:04:53,2026-08-27T15:04:53Z,1787843093782,58.3820309,24.498165,3,c80873cd-e95e-47e3-9244-bc16ab2db8ea,device_e7atfmfs64d
difficult_curb,Difficult curb,2026-08-27 18:05:01,2026-08-27T15:05:01Z,1787843101202,58.3819814,24.4981727,3,c80873cd-e95e-47e3-9244-bc16ab2db8ea,device_e7atfmfs64d
poor_surface,Poor surface material,2026-08-27 18:05:17,2026-08-27T15:05:17Z,1787843117830,58.3818947,24.4982228,2.299999952316284,c80873cd-e95e-47e3-9244-bc16ab2db8ea,device_e7atfmfs64d
poor_surface,Poor surface material,2026-08-27 18:05:24,2026-08-27T15:05:24Z,1787843124456,58.3817956,24.4982466,2.25,c80873cd-e95e-47e3-9244-bc16ab2db8ea,device_e7atfmfs64d
poor_surface,Poor surface material,2026-08-27 18:05:31,2026-08-27T15:05:31Z,1787843131856,58.3816359,24.4982793,2,c80873cd-e95e-47e3-9244-bc16ab2db8ea,device_e7atfmfs64d
tree_roots,Tree roots,2026-08-27 18:05:39,2026-08-27T15:05:39Z,1787843139387,58.3815502,24.4982855,2.3329999446868896,c80873cd-e95e-47e3-9244-bc16ab2db8ea,device_e7atfmfs64d
poor_surface,Poor surface material,2026-08-27 18:05:46,2026-08-27T15:05:46Z,1787843146162,58.3814836,24.4983119,2.5,c80873cd-e95e-47e3-9244-bc16ab2db8ea,device_e7atfmfs64d
poor_surface,Poor surface material,2026-08-27 18:05:55,2026-08-27T15:05:55Z,1787843155244,58.3813575,24.4983454,2.5829999446868896,c80873cd-e95e-47e3-9244-bc16ab2db8ea,device_e7atfmfs64d
tree_roots,Tree roots,2026-08-27 18:07:01,2026-08-27T15:07:01Z,1787843221112,58.381196,24.4995204,3.0409998893737793,c80873cd-e95e-47e3-9244-bc16ab2db8ea,device_e7atfmfs64d
tree_roots,Tree roots,2026-08-27 18:09:39,2026-08-27T15:09:39Z,1787843379469,58.3812187,24.5038072,4.310999870300293,c80873cd-e95e-47e3-9244-bc16ab2db8ea,device_e7atfmfs64d
poor_surface,Poor surface material,2026-08-27 18:09:58,2026-08-27T15:09:58Z,1787843398118,58.3810685,24.5042995,4.343999862670898,c80873cd-e95e-47e3-9244-bc16ab2db8ea,device_e7atfmfs64d
poor_surface,Poor surface material,2026-08-27 18:10:09,2026-08-27T15:10:09Z,1787843409887,58.3809584,24.5046197,4.539999961853027,c80873cd-e95e-47e3-9244-bc16ab2db8ea,device_e7atfmfs64d
tree_roots,Tree roots,2026-08-27 18:10:22,2026-08-27T15:10:22Z,1787843422021,58.3808408,24.504912,4.172999858856201,c80873cd-e95e-47e3-9244-bc16ab2db8ea,device_e7atfmfs64d
tree_roots,Tree roots,2026-08-27 18:10:29,2026-08-27T15:10:29Z,1787843429904,58.3807994,24.5049935,3,c80873cd-e95e-47e3-9244-bc16ab2db8ea,device_e7atfmfs64d
poor_surface,Poor surface material,2026-08-27 18:10:35,2026-08-27T15:10:35Z,1787843435796,58.3807725,24.5050542,3.2079999446868896,c80873cd-e95e-47e3-9244-bc16ab2db8ea,device_e7atfmfs64d
tree_roots,Tree roots,2026-08-27 18:11:54,2026-08-27T15:11:54Z,1787843514806,58.3797764,24.5042299,3.4679999351501465,c80873cd-e95e-47e3-9244-bc16ab2db8ea,device_e7atfmfs64d
tree_roots,Tree roots,2026-08-27 18:12:01,2026-08-27T15:12:01Z,1787843521035,58.3797464,24.5041799,3,c80873cd-e95e-47e3-9244-bc16ab2db8ea,device_e7atfmfs64d
poor_surface,Poor surface material,2026-08-27 18:12:39,2026-08-27T15:12:39Z,1787843559423,58.3793695,24.5037503,3.7239999771118164,c80873cd-e95e-47e3-9244-bc16ab2db8ea,device_e7atfmfs64d
poor_surface,Poor surface material,2026-08-27 18:13:34,2026-08-27T15:13:34Z,1787843614442,58.3784119,24.5023114,2.4159998893737793,c80873cd-e95e-47e3-9244-bc16ab2db8ea,device_e7atfmfs64d
